order_id,buyer_id,seller_id,order_date,quantity,amount,status,promised_days,actual_days
1,824,39,2025-08-25,15,703.48,delivered,1,1.0
2,291,24,2025-11-16,10,306.64,delivered,3,3.0
3,437,9,2025-11-10,5,292.56,delivered,2,2.0
4,378,30,2025-10-18,7,304.21,delivered,1,1.0
5,965,10,2025-12-19,8,333.75,delivered,1,1.0
6,426,24,2025-12-04,17,519.77,delivered,3,4.0
7,1017,30,2025-11-19,8,431.51,delivered,1,4.0
8,11,39,2025-10-01,9,421.65,delivered,1,1.0
9,879,14,2025-10-26,7,518.34,delivered,3,6.0
10,54,27,2025-11-15,2,270.79,delivered,2,2.0
11,619,30,2025-10-08,11,555.57,delivered,3,3.0
12,456,24,2025-08-01,11,406.1,delivered,1,1.0
13,273,7,2025-12-06,10,402.34,delivered,1,1.0
14,1082,19,2025-07-27,6,477.98,delivered,1,1.0
15,752,31,2025-08-16,2,81.15,delivered,3,3.0
16,897,32,2025-07-10,6,323.65,delivered,2,2.0
17,229,16,2025-11-05,9,722.61,delivered,3,3.0
18,5,32,2025-05-04,7,353.8,delivered,1,1.0
19,406,10,2025-06-21,8,287.2,cancelled,3,
20,1004,13,2025-08-22,13,980.02,delivered,1,1.0
21,54,12,2025-07-30,8,340.14,delivered,3,3.0
22,643,16,2025-07-01,5,433.81,delivered,1,1.0
23,198,22,2025-12-07,4,519.11,delivered,2,2.0
24,240,14,2025-06-11,6,467.63,delivered,1,1.0
25,745,37,2025-08-18,3,116.74,delivered,2,2.0
26,484,34,2025-09-23,6,249.9,delivered,1,1.0
27,320,32,2025-10-11,7,433.22,delivered,1,1.0
28,502,11,2025-08-24,4,203.85,cancelled,3,
29,484,19,2025-05-13,6,426.16,delivered,1,1.0
30,559,13,2025-11-18,2,125.4,delivered,3,3.0
31,320,12,2025-07-11,8,324.62,delivered,1,1.0
32,788,23,2025-10-14,7,421.6,delivered,3,3.0
33,109,20,2025-12-19,9,394.59,disputed,2,2.0
34,390,40,2025-07-26,1,57.05,delivered,1,1.0
35,1,3,2025-11-21,8,551.25,delivered,2,2.0
36,1192,1,2025-06-27,7,312.66,delivered,3,6.0
37,643,37,2025-09-15,7,224.2,delivered,2,2.0
38,983,37,2025-12-01,5,196.2,delivered,1,1.0
39,777,22,2025-09-10,9,1096.43,delivered,3,3.0
40,879,2,2025-07-05,13,931.7,delivered,1,1.0
41,706,14,2025-12-28,5,395.49,delivered,3,3.0
42,132,5,2025-12-21,7,344.98,delivered,3,3.0
43,180,20,2025-08-27,5,205.95,delivered,2,2.0
44,138,26,2025-10-31,1,55.68,delivered,2,2.0
45,350,22,2025-10-01,2,216.95,delivered,1,1.0
46,273,5,2025-10-25,5,211.02,delivered,1,1.0
47,320,34,2025-11-19,9,356.6,delivered,2,2.0
48,1051,5,2025-10-14,5,247.38,delivered,1,1.0
49,670,5,2025-10-28,1,52.8,delivered,2,2.0
50,51,35,2025-12-14,8,250.47,delivered,1,1.0
51,1127,38,2025-11-04,9,786.72,delivered,1,1.0
52,1036,31,2025-12-14,1,50.2,delivered,3,3.0
53,429,7,2025-09-08,6,282.95,delivered,2,3.0
54,320,6,2025-07-12,8,256.74,delivered,2,2.0
55,1063,10,2025-09-12,11,412.94,delivered,2,2.0
56,622,6,2025-07-11,1,30.73,delivered,1,1.0
57,438,11,2025-12-05,6,260.65,delivered,2,2.0
58,54,30,2025-06-05,8,328.69,delivered,2,3.0
59,52,22,2025-12-01,1,98.38,delivered,2,2.0
60,504,33,2025-11-29,6,284.04,delivered,3,3.0
61,543,20,2025-10-05,5,210.98,delivered,3,3.0
62,845,2,2025-09-25,7,504.03,cancelled,2,
63,96,18,2025-08-17,9,332.92,delivered,1,1.0
64,1049,24,2025-08-03,1,39.33,disputed,3,3.0
65,329,11,2025-10-28,2,91.67,delivered,2,2.0
66,54,18,2025-09-01,4,173.56,delivered,2,2.0
67,565,18,2025-10-12,4,186.39,disputed,1,1.0
68,616,10,2025-11-22,1,36.47,delivered,3,3.0
69,246,17,2025-10-24,9,480.58,delivered,1,1.0
70,354,28,2025-11-26,8,478.41,delivered,1,1.0
71,320,36,2025-09-25,7,258.18,delivered,2,2.0
72,273,6,2025-11-20,6,189.03,delivered,2,2.0
73,20,19,2025-11-30,7,590.2,delivered,3,3.0
74,320,27,2025-08-21,10,1214.55,delivered,2,2.0
75,571,28,2025-12-01,2,157.1,delivered,2,2.0
76,694,6,2025-09-01,5,207.93,delivered,3,3.0
77,307,16,2025-08-10,9,603.22,delivered,1,1.0
78,1051,9,2025-11-12,11,552.21,delivered,1,1.0
79,1051,29,2025-07-19,9,370.93,delivered,1,1.0
80,343,16,2025-10-29,7,596.9,delivered,2,2.0
81,1051,7,2025-09-30,6,213.51,delivered,2,2.0
82,715,12,2025-12-06,7,270.09,delivered,3,3.0
83,260,29,2025-11-18,6,287.25,delivered,2,2.0
84,939,33,2025-09-30,11,393.39,delivered,3,3.0
85,320,40,2025-11-21,1,59.66,delivered,3,3.0
86,320,7,2025-08-21,7,265.52,delivered,2,2.0
87,86,25,2025-09-11,14,1061.21,delivered,2,2.0
88,1077,9,2025-12-13,3,151.99,delivered,1,1.0
89,262,14,2025-11-18,14,835.7,delivered,2,2.0
90,300,15,2025-05-23,7,485.72,delivered,2,2.0
91,235,27,2025-07-23,6,765.34,delivered,3,3.0
92,602,17,2025-11-05,4,163.47,delivered,3,3.0
93,459,20,2025-12-22,1,52.87,delivered,1,1.0
94,340,25,2025-11-20,3,179.13,delivered,3,3.0
95,273,21,2025-12-06,2,105.93,delivered,1,1.0
96,427,7,2025-10-04,1,35.79,delivered,2,5.0
97,452,20,2025-09-24,6,253.41,delivered,2,2.0
98,59,23,2025-08-31,6,283.29,delivered,1,1.0
99,393,16,2025-11-26,10,691.22,delivered,1,1.0
100,298,16,2025-11-17,1,79.58,delivered,2,2.0
101,54,35,2025-08-22,8,284.63,delivered,3,3.0
102,903,34,2025-12-09,1,47.18,delivered,2,2.0
103,1041,10,2025-11-13,8,333.11,delivered,2,2.0
104,320,24,2025-11-18,10,383.2,delivered,2,2.0
105,1098,8,2025-12-13,10,631.48,delivered,2,2.0
106,643,32,2025-07-13,3,145.94,delivered,2,2.0
107,240,27,2025-09-03,13,1247.18,cancelled,1,
108,1022,29,2025-11-10,2,107.52,delivered,2,2.0
109,506,24,2025-10-12,10,309.81,delivered,3,5.0
110,346,1,2025-12-03,10,368.87,delivered,2,2.0
111,748,6,2025-11-04,1,40.2,delivered,2,2.0
112,1008,29,2025-11-22,8,306.03,disputed,1,1.0
113,752,21,2025-08-22,5,246.3,cancelled,1,
114,596,19,2025-11-22,7,550.1,delivered,3,3.0
115,1180,27,2025-09-26,8,939.09,delivered,2,2.0
116,484,15,2025-03-06,7,598.76,delivered,1,1.0
117,320,6,2025-11-29,9,324.29,delivered,3,3.0
118,160,20,2025-12-03,1,39.21,delivered,1,1.0
119,3,15,2025-07-11,6,510.79,delivered,1,1.0
120,709,30,2025-05-01,6,284.05,delivered,1,1.0
121,320,40,2025-10-27,7,390.84,delivered,2,2.0
122,70,16,2025-10-28,5,420.11,delivered,1,1.0
123,273,40,2025-11-06,9,650.3,delivered,2,2.0
124,1049,6,2025-09-08,5,210.02,delivered,3,3.0
125,903,37,2025-12-19,5,199.95,delivered,2,2.0
126,406,38,2025-05-25,8,600.28,delivered,1,1.0
127,484,22,2025-09-30,7,834.22,delivered,3,3.0
128,109,30,2025-12-17,6,259.82,cancelled,2,
129,1199,24,2025-09-06,8,285.65,delivered,1,1.0
130,376,6,2025-03-27,8,283.57,delivered,2,2.0
131,1046,15,2025-06-19,8,610.91,delivered,1,1.0
132,910,11,2025-10-13,6,262.18,delivered,3,3.0
133,1004,10,2025-08-15,5,227.52,delivered,1,4.0
134,897,29,2025-11-07,11,588.2,delivered,2,2.0
135,1100,27,2025-09-17,6,657.03,delivered,1,1.0
136,1063,4,2025-11-09,10,449.3,delivered,1,1.0
137,1196,13,2025-06-26,8,621.65,delivered,3,3.0
138,1004,29,2025-07-16,4,204.75,delivered,1,1.0
139,263,32,2025-10-14,6,335.32,delivered,1,1.0
140,438,19,2025-12-04,11,866.35,delivered,1,1.0
141,195,9,2025-12-11,13,670.5,delivered,2,2.0
142,914,33,2025-08-06,5,216.78,delivered,1,1.0
143,386,39,2025-07-26,12,726.45,cancelled,3,
144,1142,38,2025-11-05,10,763.28,delivered,3,3.0
145,879,27,2025-05-24,5,512.42,delivered,1,1.0
146,983,6,2025-12-12,2,67.08,delivered,3,3.0
147,4,22,2025-10-08,11,1112.98,delivered,1,1.0
148,270,8,2025-11-27,11,590.22,delivered,1,1.0
149,963,3,2025-08-10,8,426.55,delivered,2,2.0
150,789,38,2025-05-27,6,432.76,delivered,3,4.0
151,378,38,2025-12-14,3,252.46,delivered,2,2.0
152,323,37,2025-12-09,3,125.39,delivered,2,2.0
153,20,23,2025-11-24,8,372.36,delivered,1,1.0
154,240,20,2025-10-27,11,430.98,delivered,2,2.0
155,140,9,2025-11-28,5,236.14,delivered,3,3.0
156,455,19,2025-11-09,9,612.7,delivered,3,3.0
157,373,20,2025-09-05,7,365.24,delivered,3,3.0
158,401,30,2025-11-30,9,431.39,delivered,1,1.0
159,1178,29,2025-12-14,10,424.66,delivered,2,2.0
160,755,12,2025-10-02,6,234.81,delivered,3,3.0
161,123,11,2025-12-18,8,392.45,delivered,1,1.0
162,198,33,2025-12-03,4,149.02,delivered,1,1.0
163,1033,29,2025-10-10,8,344.87,delivered,3,3.0
164,658,3,2025-10-14,11,673.66,delivered,1,4.0
165,718,23,2025-12-18,9,505.34,delivered,2,2.0
166,1076,3,2025-10-18,6,314.29,delivered,1,4.0
167,847,32,2025-10-05,8,391.35,delivered,1,1.0
168,84,26,2025-09-06,4,263.0,cancelled,2,
169,887,25,2025-08-27,6,427.77,delivered,3,6.0
170,771,5,2025-08-15,2,76.49,delivered,1,1.0
171,406,32,2025-09-29,11,619.0,delivered,1,1.0
172,483,8,2025-12-17,2,115.86,delivered,3,3.0
173,897,32,2025-10-08,8,441.52,delivered,3,3.0
174,1052,28,2025-09-28,1,76.73,delivered,2,2.0
175,1063,22,2025-05-31,4,506.78,delivered,2,2.0
176,677,15,2025-11-14,7,430.19,delivered,1,1.0
177,132,36,2025-12-10,1,43.69,delivered,2,2.0
178,57,37,2025-11-12,9,275.72,delivered,1,1.0
179,1014,17,2025-09-28,8,407.94,delivered,3,3.0
180,273,28,2025-11-28,12,747.04,delivered,1,2.0
181,1051,40,2025-11-24,8,469.93,delivered,3,3.0
182,1051,6,2025-11-26,7,301.58,delivered,3,3.0
183,406,10,2025-10-02,8,367.47,delivered,3,3.0
184,1149,17,2025-12-24,6,264.79,delivered,3,3.0
185,694,9,2025-09-28,2,90.61,delivered,1,1.0
186,1104,33,2025-09-10,13,541.68,delivered,2,2.0
187,1049,34,2025-09-15,11,418.67,delivered,1,1.0
188,107,16,2025-12-22,2,167.5,delivered,3,3.0
189,979,32,2025-11-26,6,351.4,delivered,3,3.0
190,708,27,2025-11-29,8,887.44,delivered,2,2.0
191,653,25,2025-12-03,9,744.75,delivered,2,2.0
192,89,26,2025-11-02,9,630.46,delivered,3,3.0
193,438,21,2025-12-21,2,80.92,delivered,3,3.0
194,320,14,2025-11-13,12,814.25,delivered,2,2.0
195,110,37,2025-10-02,8,260.23,delivered,3,3.0
196,656,7,2025-11-07,2,71.27,delivered,2,2.0
197,1046,5,2025-07-21,6,311.07,delivered,1,1.0
198,320,19,2025-06-17,8,640.51,delivered,2,2.0
199,857,5,2025-09-05,5,212.47,delivered,1,1.0
200,502,22,2025-05-29,11,1164.51,delivered,2,2.0
201,1157,15,2025-08-01,4,255.7,delivered,2,2.0
202,681,13,2025-11-04,7,568.82,delivered,2,2.0
203,68,9,2025-08-06,8,486.36,delivered,3,3.0
204,707,24,2025-10-16,8,249.74,delivered,1,1.0
205,694,26,2025-11-07,3,174.09,disputed,3,3.0
206,320,13,2025-08-05,12,988.6,delivered,2,2.0
207,320,35,2025-08-24,7,262.41,delivered,1,1.0
208,1006,10,2025-09-11,4,178.82,cancelled,3,
209,62,22,2025-12-10,9,978.92,delivered,3,5.0
210,739,18,2025-12-17,9,382.09,disputed,1,1.0
211,320,7,2025-11-01,15,660.7,delivered,2,5.0
212,54,30,2025-12-21,10,412.9,delivered,2,2.0
213,766,37,2025-11-27,12,413.54,delivered,2,4.0
214,1142,16,2025-09-11,9,708.83,delivered,3,3.0
215,674,23,2025-12-11,11,673.55,delivered,2,2.0
216,67,23,2025-11-23,4,247.87,delivered,2,2.0
217,5,31,2025-10-18,4,153.73,delivered,2,2.0
218,1184,30,2025-12-24,4,211.44,delivered,3,3.0
219,1097,7,2025-09-27,7,274.62,disputed,3,3.0
220,1077,40,2025-10-22,13,795.87,disputed,3,3.0
221,587,32,2025-11-20,8,369.59,delivered,3,3.0
222,1030,18,2025-08-09,8,263.05,cancelled,2,
223,1051,23,2025-10-23,9,426.73,delivered,3,3.0
224,307,35,2025-08-12,7,298.27,cancelled,2,
225,975,1,2025-11-27,7,264.16,delivered,1,2.0
226,661,27,2025-08-06,9,1036.18,delivered,1,1.0
227,73,3,2025-10-04,1,74.34,delivered,1,1.0
228,731,16,2025-12-14,10,831.52,delivered,1,1.0
229,1184,1,2025-12-09,8,268.72,delivered,1,1.0
230,438,3,2025-12-07,7,502.01,cancelled,3,
231,794,15,2025-09-11,2,136.8,disputed,3,3.0
232,320,22,2025-10-25,6,630.55,delivered,1,1.0
233,258,39,2025-08-31,1,47.46,cancelled,2,
234,752,26,2025-10-29,7,511.3,delivered,1,1.0
235,320,29,2025-09-24,3,136.03,disputed,1,1.0
236,653,38,2025-11-06,11,929.11,delivered,3,3.0
237,823,19,2025-12-20,6,422.89,delivered,1,1.0
238,395,40,2025-09-13,6,311.29,delivered,2,2.0
239,876,27,2025-11-08,7,846.35,delivered,1,1.0
240,510,6,2025-07-02,7,285.5,delivered,3,3.0
241,536,40,2025-10-21,9,490.79,delivered,1,2.0
242,1026,21,2025-12-14,8,383.5,delivered,1,1.0
243,819,16,2025-10-15,4,262.19,delivered,1,1.0
244,150,35,2025-07-07,14,501.51,delivered,2,2.0
245,307,18,2025-06-09,10,424.64,delivered,2,2.0
246,244,18,2025-11-11,9,303.17,delivered,1,1.0
247,406,7,2025-06-27,6,226.36,delivered,3,3.0
248,143,38,2025-06-30,4,253.5,delivered,2,2.0
249,1009,8,2025-11-17,3,155.02,delivered,1,1.0
250,26,3,2025-10-14,7,467.28,delivered,1,1.0
251,320,31,2025-07-12,3,141.81,delivered,2,2.0
252,1052,21,2025-11-20,6,329.05,delivered,3,3.0
253,741,31,2025-12-19,11,508.12,delivered,1,1.0
254,108,4,2025-11-15,11,548.74,delivered,3,3.0
255,206,6,2025-10-17,6,237.85,delivered,3,3.0
256,406,30,2025-05-24,2,81.29,delivered,3,3.0
257,320,19,2025-12-09,8,581.17,delivered,2,2.0
258,364,19,2025-11-10,3,254.57,delivered,1,1.0
259,731,39,2025-12-19,7,443.25,delivered,3,3.0
260,539,14,2025-12-13,8,581.74,delivered,1,1.0
261,172,38,2025-11-26,5,326.29,delivered,3,3.0
262,54,13,2025-10-15,8,521.8,delivered,3,3.0
263,485,21,2025-12-11,7,354.58,delivered,3,3.0
264,172,37,2025-11-16,7,269.6,delivered,3,3.0
265,903,19,2025-11-30,4,329.13,delivered,3,4.0
266,273,21,2025-11-19,11,451.82,delivered,2,2.0
267,458,1,2025-12-18,6,208.16,delivered,1,1.0
268,370,36,2025-10-06,9,397.79,disputed,1,1.0
269,492,5,2025-05-11,4,180.69,delivered,2,2.0
270,548,24,2025-11-02,12,453.6,delivered,2,2.0
271,307,34,2025-07-07,4,182.59,delivered,1,1.0
272,524,12,2025-12-05,3,120.61,delivered,3,3.0
273,307,21,2025-10-29,5,210.46,delivered,2,2.0
274,1149,10,2025-12-16,6,249.18,delivered,2,3.0
275,945,11,2025-10-01,13,659.49,delivered,2,2.0
276,1179,30,2025-08-13,3,113.28,delivered,3,3.0
277,1030,24,2025-11-17,8,287.5,delivered,1,1.0
278,1079,3,2025-09-23,8,556.42,delivered,1,4.0
279,665,24,2025-12-07,7,225.83,delivered,1,1.0
280,752,19,2025-07-10,4,346.53,delivered,3,3.0
281,1199,9,2025-09-27,7,384.08,delivered,2,2.0
282,54,40,2025-08-29,9,485.56,delivered,3,3.0
283,320,30,2025-12-02,8,335.64,delivered,1,1.0
284,320,23,2025-11-22,12,740.03,delivered,1,1.0
285,191,16,2025-12-14,13,938.21,delivered,2,2.0
286,805,38,2025-10-18,8,614.11,delivered,1,1.0
287,694,22,2025-09-18,13,1648.86,delivered,2,2.0
288,897,33,2025-08-29,13,470.74,cancelled,1,
289,556,39,2025-12-04,9,479.19,delivered,3,3.0
290,320,14,2025-07-14,8,479.9,delivered,2,2.0
291,132,7,2025-12-21,9,305.56,cancelled,2,
292,554,7,2025-12-13,7,269.93,delivered,1,3.0
293,320,33,2025-05-23,6,194.94,delivered,2,2.0
294,824,24,2025-10-19,10,420.82,delivered,2,2.0
295,828,11,2025-10-27,8,302.54,delivered,3,3.0
296,121,14,2025-10-31,4,340.66,delivered,2,2.0
297,581,40,2025-09-21,7,457.76,delivered,1,1.0
298,1051,17,2025-07-23,2,83.78,delivered,3,3.0
299,1026,20,2025-11-28,10,463.76,delivered,1,1.0
300,1052,6,2025-03-22,2,77.99,delivered,1,1.0
301,385,33,2025-11-24,5,203.9,delivered,3,3.0
302,983,3,2025-11-30,9,533.07,delivered,2,2.0
303,706,23,2025-12-27,9,483.63,delivered,2,2.0
304,219,22,2025-06-05,11,1179.21,delivered,2,2.0
305,1018,34,2025-10-31,1,44.33,delivered,1,1.0
306,416,6,2025-07-28,4,161.11,delivered,2,2.0
307,963,22,2025-07-30,4,376.6,delivered,2,2.0
308,397,14,2025-09-08,7,435.09,delivered,1,1.0
309,811,22,2025-06-09,6,766.23,delivered,3,3.0
310,1051,4,2025-09-20,13,496.26,delivered,3,3.0
311,741,28,2025-12-06,11,906.98,delivered,1,1.0
312,1182,24,2025-10-16,4,141.12,delivered,2,2.0
313,406,29,2025-09-28,9,440.41,delivered,2,2.0
314,1026,29,2025-11-28,15,749.59,delivered,1,1.0
315,262,23,2025-09-11,9,474.04,delivered,3,3.0
316,911,16,2025-09-23,10,713.82,delivered,2,2.0
317,132,12,2025-12-09,2,77.26,delivered,1,1.0
318,1113,39,2025-12-16,9,505.32,disputed,2,2.0
319,897,35,2025-10-18,1,33.35,delivered,3,4.0
320,728,14,2025-12-17,9,785.13,delivered,3,3.0
321,96,25,2025-09-13,9,775.78,delivered,1,1.0
322,438,14,2025-12-05,10,686.86,delivered,1,1.0
323,1063,15,2025-07-19,6,416.56,delivered,1,1.0
324,653,22,2025-11-23,4,435.62,delivered,3,6.0
325,777,14,2025-05-28,11,855.37,delivered,3,3.0
326,455,38,2025-11-08,2,154.18,delivered,3,3.0
327,212,3,2025-09-09,11,564.66,delivered,2,2.0
328,819,15,2025-09-29,9,741.41,delivered,3,3.0
329,897,40,2025-10-31,5,343.78,delivered,3,3.0
330,320,14,2025-10-19,7,571.54,delivered,2,2.0
331,320,14,2025-11-30,6,520.76,delivered,3,3.0
332,741,23,2025-11-27,6,335.52,delivered,1,1.0
333,632,29,2025-11-26,5,255.1,delivered,3,3.0
334,694,29,2025-12-10,11,533.75,delivered,1,1.0
335,397,12,2025-12-11,3,96.63,delivered,3,3.0
336,611,4,2025-07-26,10,473.86,delivered,3,3.0
337,653,10,2025-09-24,9,317.62,delivered,2,2.0
338,320,39,2025-11-10,6,343.72,delivered,1,2.0
339,172,3,2025-12-20,7,490.88,delivered,1,1.0
340,1046,21,2025-10-24,6,287.62,delivered,3,3.0
341,975,5,2025-10-01,9,348.26,disputed,1,1.0
342,320,33,2025-09-17,7,228.97,delivered,3,3.0
343,364,38,2025-08-06,7,534.04,delivered,2,2.0
344,1,25,2025-10-04,14,898.11,delivered,1,1.0
345,1051,9,2025-10-26,6,275.85,delivered,3,3.0
346,406,14,2025-09-08,7,608.51,delivered,1,1.0
347,169,3,2025-12-21,7,455.12,delivered,2,3.0
348,69,11,2025-09-27,7,350.47,delivered,1,1.0
349,291,29,2025-10-17,6,308.53,delivered,2,2.0
350,1149,40,2025-12-14,5,350.39,delivered,3,3.0
351,320,31,2025-08-08,10,458.45,delivered,2,2.0
352,320,31,2025-10-03,12,498.42,cancelled,3,
353,661,14,2025-07-27,7,425.27,delivered,1,1.0
354,1154,14,2025-11-24,3,223.13,delivered,2,2.0
355,316,16,2025-12-13,6,358.14,delivered,1,1.0
356,332,12,2025-09-15,13,442.19,delivered,3,3.0
357,320,6,2025-10-30,7,231.06,delivered,2,2.0
358,910,17,2025-09-19,4,200.57,delivered,2,2.0
359,649,30,2025-11-14,2,95.17,delivered,2,2.0
360,273,35,2025-09-12,4,144.16,delivered,1,1.0
361,863,38,2025-06-13,6,360.66,delivered,1,1.0
362,395,30,2025-05-23,6,327.16,delivered,2,2.0
363,803,11,2025-12-10,1,44.49,delivered,1,1.0
364,585,7,2025-10-21,3,119.37,delivered,2,2.0
365,837,6,2025-11-21,7,208.8,delivered,3,3.0
366,54,17,2025-06-20,13,603.86,delivered,3,3.0
367,79,25,2025-10-01,1,67.2,delivered,2,2.0
368,178,8,2025-10-16,10,516.45,delivered,3,3.0
369,298,40,2025-11-20,1,65.54,delivered,2,2.0
370,1026,26,2025-12-07,7,475.2,delivered,3,3.0
371,273,40,2025-11-25,10,638.35,delivered,2,2.0
372,54,25,2025-08-29,9,714.86,cancelled,3,
373,625,36,2025-09-06,5,165.65,delivered,2,2.0
374,1040,37,2025-12-23,8,264.82,delivered,1,1.0
375,694,16,2025-11-03,9,557.14,delivered,1,1.0
376,965,38,2025-11-17,5,323.71,delivered,1,1.0
377,744,34,2025-12-24,6,232.77,delivered,1,1.0
378,1050,19,2025-08-28,6,433.01,cancelled,3,
379,426,32,2025-11-25,6,315.43,delivered,2,2.0
380,1178,7,2025-12-07,10,330.22,cancelled,2,
381,879,16,2025-08-10,10,715.05,delivered,2,2.0
382,395,9,2025-10-26,5,314.78,delivered,1,1.0
383,625,6,2025-10-22,8,244.1,delivered,1,1.0
384,320,14,2025-07-26,6,383.48,delivered,1,1.0
385,845,20,2025-08-06,7,342.61,delivered,3,3.0
386,260,36,2025-06-30,5,221.05,delivered,2,2.0
387,609,12,2025-11-06,3,95.38,delivered,2,2.0
388,392,18,2025-12-11,3,99.76,delivered,2,2.0
389,51,22,2025-11-25,8,753.0,delivered,3,3.0
390,419,35,2025-11-10,9,299.85,delivered,1,3.0
391,1154,30,2025-11-25,7,356.05,delivered,2,2.0
392,752,15,2025-07-09,5,362.11,delivered,3,3.0
393,320,28,2025-11-08,9,785.65,delivered,2,2.0
394,1004,23,2025-10-21,7,310.81,delivered,2,2.0
395,303,17,2025-12-13,8,399.72,delivered,3,3.0
396,741,15,2025-11-09,9,595.96,delivered,2,2.0
397,1149,12,2025-12-10,6,188.03,delivered,2,2.0
398,53,24,2025-12-25,5,163.65,delivered,3,3.0
399,244,40,2025-09-09,5,301.48,delivered,3,3.0
400,455,15,2025-11-25,8,648.22,delivered,3,3.0
401,13,19,2025-11-10,1,87.5,delivered,1,1.0
402,897,38,2025-10-19,8,481.39,delivered,1,1.0
403,481,40,2025-12-17,4,285.43,delivered,2,2.0
404,625,13,2025-11-27,11,812.34,delivered,1,1.0
405,14,36,2025-10-15,1,34.84,delivered,1,1.0
406,910,29,2025-10-03,2,77.87,delivered,2,2.0
407,1160,25,2025-11-30,8,536.05,delivered,2,2.0
408,1182,20,2025-09-15,3,115.08,disputed,2,2.0
409,776,27,2025-07-09,6,803.76,delivered,1,1.0
410,1056,36,2025-07-08,2,77.98,delivered,3,5.0
411,1063,26,2025-12-08,7,516.59,delivered,1,1.0
412,1063,1,2025-03-20,9,340.9,delivered,2,2.0
413,643,7,2025-09-27,8,379.72,delivered,1,1.0
414,983,15,2025-12-15,1,84.36,delivered,2,2.0
415,1199,17,2025-12-20,7,332.5,delivered,3,6.0
416,342,32,2025-12-11,1,58.09,delivered,3,3.0
417,320,21,2025-11-05,10,430.3,delivered,3,3.0
418,446,14,2025-11-29,6,365.22,delivered,1,1.0
419,1051,26,2025-07-17,8,503.41,delivered,2,2.0
420,37,29,2025-10-25,6,297.71,delivered,3,3.0
421,332,39,2025-11-09,3,165.56,delivered,3,3.0
422,954,40,2025-07-16,3,183.44,delivered,3,3.0
423,191,25,2025-12-08,10,772.1,delivered,2,2.0
424,1111,25,2025-08-25,7,468.51,delivered,2,2.0
425,1195,27,2025-10-31,4,378.19,delivered,3,3.0
426,406,17,2025-04-11,6,267.52,delivered,2,2.0
427,334,27,2025-11-28,4,402.17,delivered,3,3.0
428,455,31,2025-10-31,3,131.9,delivered,2,2.0
429,455,11,2025-11-08,9,422.12,delivered,1,1.0
430,273,23,2025-08-17,9,558.16,delivered,3,3.0
431,694,15,2025-10-22,6,413.18,delivered,1,1.0
432,892,1,2025-06-05,10,400.17,delivered,2,2.0
433,941,28,2025-10-25,9,608.03,delivered,2,2.0
434,1063,24,2025-08-12,8,251.49,cancelled,3,
435,653,34,2025-12-18,7,296.45,disputed,2,2.0
436,406,11,2025-10-11,10,390.3,delivered,3,3.0
437,455,18,2025-12-15,5,215.21,delivered,1,1.0
438,298,11,2025-12-25,3,156.9,delivered,2,2.0
439,539,35,2025-10-20,7,280.31,delivered,1,1.0
440,320,39,2025-11-14,3,162.76,delivered,1,1.0
441,368,12,2025-06-14,4,151.97,delivered,3,3.0
442,334,1,2025-12-18,11,431.49,delivered,2,2.0
443,320,23,2025-08-14,6,283.49,delivered,3,3.0
444,791,15,2025-10-12,1,68.95,delivered,1,1.0
445,351,37,2025-11-28,9,343.33,delivered,3,3.0
446,320,19,2025-11-02,6,498.08,delivered,1,1.0
447,952,13,2025-10-30,8,642.03,delivered,1,1.0
448,539,4,2025-10-26,7,284.5,delivered,3,6.0
449,320,2,2025-07-11,5,314.82,delivered,1,1.0
450,320,39,2025-06-16,4,235.75,delivered,3,3.0
451,843,12,2025-12-02,6,255.01,delivered,3,3.0
452,677,16,2025-10-08,6,408.25,delivered,3,3.0
453,1149,38,2025-11-08,11,909.79,delivered,3,3.0
454,438,40,2025-12-22,7,521.7,delivered,3,3.0
455,752,38,2025-08-24,2,151.25,delivered,1,1.0
456,3,8,2025-10-14,6,386.25,delivered,1,1.0
457,289,25,2025-09-03,4,307.76,delivered,1,1.0
458,694,28,2025-08-14,8,568.71,delivered,3,3.0
459,1051,27,2025-06-26,6,739.96,delivered,2,2.0
460,185,5,2025-07-23,8,399.19,delivered,3,3.0
461,105,21,2025-06-11,4,160.16,disputed,1,1.0
462,1012,32,2025-12-16,4,213.74,delivered,2,2.0
463,910,38,2025-10-07,11,946.22,delivered,1,1.0
464,109,23,2025-12-23,9,461.28,delivered,1,1.0
465,649,10,2025-12-02,8,261.56,delivered,2,2.0
466,1017,22,2025-09-18,6,751.0,delivered,1,1.0
467,903,1,2025-12-19,4,167.24,delivered,1,1.0
468,320,38,2025-10-04,8,639.41,delivered,1,1.0
469,653,24,2025-11-04,8,335.0,delivered,3,3.0
470,240,4,2025-08-20,3,136.37,delivered,3,3.0
471,636,29,2025-11-09,8,404.99,delivered,3,3.0
472,665,38,2025-11-03,4,336.78,delivered,1,1.0
473,1117,22,2025-07-20,7,781.69,delivered,1,1.0
474,310,17,2025-11-25,6,276.01,cancelled,3,
475,1192,10,2025-06-17,3,100.41,delivered,2,2.0
476,240,33,2025-08-31,5,187.27,cancelled,1,
477,54,11,2025-11-09,11,513.81,delivered,3,3.0
478,897,8,2025-11-13,9,464.64,delivered,1,1.0
479,320,25,2025-08-26,9,718.89,cancelled,3,
480,357,38,2025-12-10,3,210.11,delivered,3,3.0
481,392,8,2025-12-12,2,131.22,delivered,3,3.0
482,991,37,2025-07-25,9,337.53,delivered,1,1.0
483,320,13,2025-08-30,11,840.79,delivered,3,3.0
484,109,9,2025-12-15,9,505.28,delivered,1,1.0
485,289,39,2025-09-05,5,261.72,delivered,1,1.0
486,777,9,2025-10-12,9,435.69,delivered,3,3.0
487,612,28,2025-07-06,5,385.07,delivered,1,1.0
488,901,16,2025-11-28,6,424.05,delivered,3,3.0
489,966,17,2025-11-26,14,551.68,delivered,1,1.0
490,284,21,2025-08-11,6,226.72,delivered,3,3.0
491,402,24,2025-08-27,2,77.35,delivered,1,1.0
492,694,39,2025-08-11,5,309.6,delivered,3,3.0
493,940,33,2025-08-20,10,363.73,cancelled,3,
494,1142,28,2025-10-11,10,653.47,delivered,3,3.0
495,1098,36,2025-12-01,10,379.68,delivered,1,1.0
496,1125,40,2025-11-23,9,474.79,delivered,2,2.0
497,879,16,2025-11-05,12,781.37,delivered,2,2.0
498,401,31,2025-04-14,8,431.5,delivered,2,2.0
499,879,38,2025-08-10,3,191.69,delivered,3,3.0
500,455,11,2025-12-08,5,215.29,delivered,2,2.0
501,132,16,2025-11-24,6,510.71,delivered,3,3.0
502,484,30,2025-02-20,4,178.82,delivered,3,3.0
503,837,1,2025-10-23,1,39.35,delivered,2,2.0
504,402,28,2025-12-08,7,478.47,cancelled,1,
505,628,13,2025-11-30,1,68.06,delivered,1,3.0
506,1116,20,2025-07-26,8,379.18,delivered,3,3.0
507,739,39,2025-12-18,9,526.02,delivered,1,1.0
508,883,20,2025-09-07,6,261.87,delivered,1,1.0
509,183,8,2025-04-23,9,649.65,delivered,1,1.0
510,963,5,2025-08-04,8,323.39,delivered,3,3.0
511,643,36,2025-08-08,7,261.67,cancelled,3,
512,634,11,2025-12-06,4,190.18,delivered,1,1.0
513,455,27,2025-11-28,3,321.77,delivered,2,2.0
514,676,23,2025-12-03,5,266.24,delivered,2,3.0
515,629,22,2025-12-16,1,128.51,delivered,3,3.0
516,1104,24,2025-11-11,6,238.36,delivered,3,3.0
517,730,28,2025-08-05,1,82.68,delivered,1,1.0
518,320,14,2025-11-19,6,519.4,delivered,2,2.0
519,1165,32,2025-12-16,8,357.79,delivered,3,3.0
520,450,31,2025-12-01,8,323.44,delivered,1,1.0
521,1046,13,2025-04-19,6,471.25,delivered,3,3.0
522,206,38,2025-12-16,7,431.97,delivered,2,2.0
523,1090,27,2025-10-13,5,653.11,delivered,1,1.0
524,576,16,2025-09-26,4,327.81,disputed,1,1.0
525,955,12,2025-09-07,4,164.4,cancelled,3,
526,637,7,2025-11-27,6,279.71,delivered,1,4.0
527,1104,36,2025-11-21,12,483.68,delivered,2,2.0
528,5,37,2025-11-07,6,228.79,delivered,1,1.0
529,320,10,2025-11-22,9,363.04,delivered,3,3.0
530,653,25,2025-10-19,9,562.13,delivered,3,3.0
531,442,15,2025-12-10,10,789.56,delivered,1,1.0
532,53,37,2025-12-24,1,32.98,delivered,1,1.0
533,320,3,2025-05-30,3,223.14,delivered,1,1.0
534,637,37,2025-11-18,3,116.54,delivered,3,3.0
535,192,15,2025-12-11,2,167.98,delivered,3,3.0
536,320,23,2025-09-15,7,375.68,delivered,2,2.0
537,1125,38,2025-12-05,5,370.94,cancelled,3,
538,706,1,2025-12-14,1,40.42,cancelled,1,
539,397,20,2025-11-01,5,243.09,delivered,1,1.0
540,484,9,2025-10-18,5,288.54,delivered,1,1.0
541,54,9,2025-12-15,10,529.14,delivered,1,1.0
542,225,11,2025-10-11,5,193.14,delivered,1,1.0
543,791,34,2025-10-18,9,431.81,delivered,1,1.0
544,54,35,2025-11-18,8,334.84,delivered,1,4.0
545,135,26,2025-08-27,8,483.34,disputed,1,1.0
546,62,12,2025-12-09,10,350.61,delivered,2,2.0
547,340,19,2025-12-17,9,565.66,delivered,1,1.0
548,653,8,2025-11-13,7,403.81,delivered,3,3.0
549,484,4,2025-10-03,3,159.15,delivered,2,2.0
550,172,40,2025-12-13,9,604.21,delivered,1,1.0
551,925,6,2025-11-22,4,126.14,delivered,1,1.0
552,545,2,2025-09-04,7,423.42,delivered,1,1.0
553,233,6,2025-11-23,6,224.66,delivered,2,2.0
554,172,20,2025-10-30,5,217.82,delivered,2,2.0
555,3,32,2025-04-14,4,181.47,delivered,2,2.0
556,876,33,2025-11-11,8,370.92,delivered,1,1.0
557,298,6,2025-12-07,4,145.91,delivered,3,3.0
558,941,22,2025-11-05,8,980.34,delivered,3,3.0
559,819,23,2025-11-29,7,388.81,delivered,3,3.0
560,183,32,2025-07-06,8,381.24,delivered,3,3.0
561,320,24,2025-10-29,7,249.55,delivered,1,3.0
562,128,11,2025-10-18,5,246.47,delivered,3,3.0
563,1049,1,2025-09-28,9,421.79,delivered,1,1.0
564,694,4,2025-08-30,4,211.93,delivered,2,2.0
565,649,16,2025-10-16,5,316.49,delivered,2,2.0
566,172,39,2025-12-15,7,312.84,delivered,1,1.0
567,988,16,2025-10-04,3,258.2,delivered,3,3.0
568,920,30,2025-11-04,4,194.66,delivered,3,3.0
569,873,21,2025-06-08,10,385.3,delivered,3,3.0
570,419,14,2025-12-02,12,772.53,delivered,1,1.0
571,195,36,2025-12-18,5,223.01,delivered,2,2.0
572,420,8,2025-06-14,6,384.78,delivered,1,1.0
573,320,13,2025-08-16,8,667.12,delivered,1,1.0
574,109,34,2025-12-11,9,423.63,disputed,2,2.0
575,19,33,2025-11-06,10,349.14,delivered,1,1.0
576,720,5,2025-09-20,9,344.17,delivered,1,2.0
577,843,32,2025-12-07,14,733.41,delivered,2,2.0
578,240,13,2025-06-23,7,570.14,delivered,3,3.0
579,977,10,2025-11-13,3,113.71,delivered,3,3.0
580,320,17,2025-10-11,6,316.01,delivered,2,5.0
581,376,28,2025-08-21,12,1037.5,delivered,2,2.0
582,320,1,2025-12-10,10,468.69,disputed,1,1.0
583,1105,27,2025-10-11,8,1017.29,delivered,1,4.0
584,484,29,2025-05-24,9,415.98,delivered,3,3.0
585,777,19,2025-10-06,7,537.72,delivered,1,1.0
586,401,29,2025-05-22,8,344.17,delivered,2,2.0
587,1000,35,2025-10-07,12,370.13,cancelled,1,
588,708,37,2025-10-11,10,386.92,delivered,3,3.0
589,1182,30,2025-07-07,5,264.62,delivered,3,3.0
590,1105,15,2025-12-09,13,1127.66,delivered,1,1.0
591,35,10,2025-03-03,9,306.88,delivered,2,2.0
592,789,2,2025-11-13,6,520.67,delivered,1,1.0
593,981,16,2025-09-06,13,1104.24,delivered,1,1.0
594,998,21,2025-07-20,3,129.97,delivered,1,1.0
595,320,36,2025-11-28,10,377.79,delivered,1,1.0
596,694,6,2025-08-26,3,100.37,delivered,2,2.0
597,674,16,2025-12-17,10,829.14,delivered,1,4.0
598,1004,37,2025-11-23,4,163.11,delivered,3,3.0
599,694,29,2025-09-03,12,516.74,delivered,3,3.0
600,170,15,2025-10-26,3,206.69,delivered,3,3.0
601,279,36,2025-07-05,8,358.11,delivered,1,1.0
602,619,16,2025-07-08,12,915.58,delivered,1,1.0
603,1178,16,2025-12-09,10,795.66,delivered,1,1.0
604,484,13,2025-07-30,5,348.57,delivered,3,3.0
605,1026,6,2025-12-07,2,83.33,delivered,1,1.0
606,377,6,2025-12-14,7,268.05,delivered,3,3.0
607,885,2,2025-09-24,8,631.78,delivered,2,2.0
608,193,25,2025-12-22,1,78.42,delivered,2,2.0
609,484,3,2025-05-05,4,237.61,delivered,2,2.0
610,1079,30,2025-05-26,6,267.43,delivered,2,2.0
611,666,16,2025-10-12,2,125.98,delivered,2,2.0
612,777,17,2025-06-16,7,384.7,delivered,1,1.0
613,52,19,2025-10-21,5,435.24,delivered,2,2.0
614,694,16,2025-10-23,1,67.69,delivered,3,3.0
615,195,16,2025-11-29,6,440.84,delivered,2,2.0
616,383,2,2025-12-15,5,355.8,delivered,1,1.0
617,406,29,2025-05-23,8,403.95,delivered,1,1.0
618,225,6,2025-07-17,9,354.35,delivered,3,3.0
619,919,32,2025-07-24,3,182.06,delivered,3,3.0
620,320,14,2025-10-31,9,777.68,delivered,2,5.0
621,406,11,2025-09-24,11,481.96,delivered,1,1.0
622,838,10,2025-11-11,8,283.85,delivered,1,1.0
623,1188,16,2025-05-31,2,166.61,delivered,1,1.0
624,1068,19,2025-12-19,5,403.46,delivered,3,5.0
625,1035,8,2025-08-14,10,737.94,delivered,1,1.0
626,516,8,2025-12-06,3,182.12,delivered,1,1.0
627,833,4,2025-11-23,4,156.74,delivered,1,1.0
628,941,35,2025-09-13,4,119.75,delivered,2,2.0
629,370,37,2025-08-12,6,199.84,delivered,2,2.0
630,1051,33,2025-11-10,9,391.98,delivered,2,2.0
631,500,30,2025-10-18,10,383.04,delivered,2,5.0
632,694,16,2025-10-22,2,142.56,delivered,2,3.0
633,3,24,2025-07-01,8,302.63,delivered,3,3.0
634,20,3,2025-12-09,4,273.78,delivered,3,3.0
635,748,23,2025-06-30,6,320.98,delivered,2,2.0
636,320,16,2025-11-16,9,729.75,delivered,3,3.0
637,1175,22,2025-10-08,11,1113.04,delivered,2,2.0
638,449,39,2025-11-24,4,219.62,delivered,2,2.0
639,5,15,2025-11-16,6,392.48,delivered,2,2.0
640,1045,1,2025-10-19,6,254.19,delivered,3,3.0
641,694,31,2025-07-12,2,97.54,delivered,2,2.0
642,1160,20,2025-11-08,8,402.94,delivered,3,5.0
643,658,2,2025-08-29,1,81.38,cancelled,1,
644,1004,18,2025-09-15,14,576.86,delivered,1,1.0
645,901,23,2025-11-28,5,279.56,delivered,2,2.0
646,320,12,2025-10-12,8,265.71,delivered,1,1.0
647,768,11,2025-09-05,8,328.0,delivered,2,2.0
648,24,39,2025-07-08,4,257.98,delivered,3,3.0
649,307,25,2025-10-19,4,240.17,delivered,1,1.0
650,901,40,2025-11-16,3,222.57,delivered,1,1.0
651,320,26,2025-10-26,7,517.68,delivered,2,2.0
652,681,38,2025-05-03,7,431.57,delivered,2,2.0
653,728,9,2025-12-03,4,225.0,delivered,3,3.0
654,89,8,2025-10-17,9,513.06,delivered,2,2.0
655,395,38,2025-09-01,4,340.63,delivered,3,3.0
656,663,21,2025-10-13,2,103.52,delivered,1,1.0
657,526,26,2025-11-29,1,71.58,delivered,1,1.0
658,1149,4,2025-11-26,9,431.29,delivered,3,3.0
659,197,28,2025-12-25,1,77.12,delivered,1,1.0
660,739,1,2025-12-17,6,255.36,delivered,2,2.0
661,648,26,2025-11-24,6,316.9,delivered,1,1.0
662,865,27,2025-08-04,3,299.62,delivered,2,2.0
663,71,3,2025-10-06,12,845.19,delivered,1,1.0
664,183,22,2025-10-16,9,1203.15,delivered,1,1.0
665,376,20,2025-10-11,8,373.73,delivered,3,3.0
666,1125,16,2025-12-09,7,608.85,delivered,1,1.0
667,317,28,2025-10-30,5,298.92,delivered,3,3.0
668,881,29,2025-12-26,1,51.21,delivered,1,1.0
669,755,15,2025-11-24,3,197.94,delivered,1,1.0
670,974,1,2025-10-16,9,389.76,delivered,3,3.0
671,534,5,2025-11-10,7,286.47,delivered,3,3.0
672,777,33,2025-11-09,5,193.85,delivered,2,2.0
673,903,16,2025-12-05,3,184.89,delivered,3,3.0
674,1049,40,2025-07-24,5,366.35,delivered,2,2.0
675,824,5,2025-09-03,6,284.94,cancelled,3,
676,183,39,2025-03-11,13,808.01,delivered,1,1.0
677,888,18,2025-06-02,4,152.47,delivered,1,1.0
678,72,7,2025-07-03,10,365.53,delivered,2,2.0
679,945,31,2025-11-12,5,222.57,delivered,3,3.0
680,320,1,2025-07-12,10,324.21,delivered,1,1.0
681,694,20,2025-11-11,13,543.56,delivered,3,3.0
682,1193,12,2025-09-15,4,152.03,cancelled,2,
683,752,8,2025-09-15,5,324.14,delivered,1,1.0
684,1057,32,2025-10-28,4,256.4,delivered,3,3.0
685,460,1,2025-10-22,4,133.85,delivered,2,2.0
686,320,2,2025-09-29,6,399.01,delivered,2,2.0
687,897,4,2025-11-13,6,306.52,delivered,1,1.0
688,978,27,2025-05-25,4,490.31,delivered,1,1.0
689,406,26,2025-06-30,7,396.78,delivered,3,3.0
690,694,2,2025-05-23,6,366.77,delivered,2,2.0
691,879,25,2025-07-09,4,315.31,delivered,1,1.0
692,406,31,2025-09-30,9,489.76,disputed,3,3.0
693,1051,1,2025-11-15,6,242.48,delivered,2,2.0
694,528,2,2025-10-03,5,408.68,delivered,3,3.0
695,5,29,2025-07-25,9,471.33,delivered,3,3.0
696,739,9,2025-12-07,8,492.51,delivered,1,1.0
697,821,2,2025-10-20,5,312.31,delivered,1,1.0
698,539,25,2025-09-13,7,428.25,delivered,3,5.0
699,941,14,2025-12-07,6,494.89,delivered,1,1.0
700,393,7,2025-12-15,9,339.05,delivered,3,3.0
701,376,15,2025-11-05,1,81.17,cancelled,1,
702,665,31,2025-09-19,7,328.81,delivered,2,2.0
703,814,14,2025-07-29,1,79.45,delivered,3,3.0
704,630,40,2025-08-10,1,53.58,delivered,3,3.0
705,351,19,2025-12-11,8,500.18,delivered,1,1.0
706,694,29,2025-07-02,6,294.57,cancelled,1,
707,550,31,2025-12-12,12,492.08,delivered,1,1.0
708,320,29,2025-11-03,6,248.62,delivered,3,3.0
709,51,30,2025-11-26,7,329.42,cancelled,3,
710,978,34,2025-09-29,3,151.51,delivered,2,2.0
711,484,32,2025-05-18,4,178.09,cancelled,2,
712,704,32,2025-09-02,10,461.56,delivered,1,1.0
713,143,21,2025-11-02,2,79.23,disputed,3,3.0
714,694,40,2025-12-08,13,917.04,delivered,2,2.0
715,377,26,2025-09-04,11,678.94,delivered,2,2.0
716,502,2,2025-10-07,11,665.79,delivered,3,3.0
717,1184,12,2025-12-07,1,36.88,delivered,1,1.0
718,129,40,2025-11-22,5,342.01,delivered,2,2.0
719,1194,24,2025-04-28,7,224.12,delivered,1,1.0
720,897,36,2025-08-13,2,91.86,delivered,3,3.0
721,5,9,2025-10-18,5,255.54,delivered,2,2.0
722,1161,2,2025-08-31,4,315.31,delivered,3,3.0
723,5,36,2025-11-02,3,137.19,delivered,2,3.0
724,1098,23,2025-11-25,6,292.74,delivered,2,2.0
725,966,37,2025-10-09,2,75.1,delivered,2,2.0
726,307,29,2025-07-01,9,440.48,delivered,3,3.0
727,532,34,2025-11-07,2,80.08,delivered,1,3.0
728,1178,39,2025-11-26,11,662.61,delivered,1,1.0
729,320,31,2025-12-07,2,87.45,delivered,1,1.0
730,1040,18,2025-12-06,7,283.84,delivered,1,3.0
731,109,9,2025-12-01,8,403.86,cancelled,1,
732,406,39,2025-11-12,12,651.11,delivered,1,1.0
733,788,9,2025-10-28,1,44.36,delivered,3,3.0
734,1094,6,2025-05-10,6,213.53,delivered,3,6.0
735,369,18,2025-08-22,5,221.58,delivered,2,2.0
736,653,15,2025-11-21,3,258.59,delivered,2,2.0
737,195,17,2025-12-02,7,285.14,delivered,2,2.0
738,881,19,2025-12-20,1,76.57,delivered,1,4.0
739,670,4,2025-07-28,1,41.26,delivered,2,2.0
740,1,13,2025-12-12,9,707.48,delivered,3,3.0
741,451,27,2025-09-06,8,948.09,delivered,3,3.0
742,5,11,2025-09-16,7,331.41,delivered,1,4.0
743,64,2,2025-11-13,8,624.51,delivered,3,3.0
744,891,25,2025-11-30,12,891.27,delivered,1,1.0
745,933,28,2025-11-05,7,486.96,delivered,1,2.0
746,364,10,2025-09-19,10,330.2,delivered,2,2.0
747,1186,38,2025-12-02,10,788.64,delivered,1,1.0
748,1077,17,2025-12-07,6,231.42,delivered,3,3.0
749,320,17,2025-11-13,14,695.22,delivered,1,1.0
750,178,15,2025-10-29,12,729.56,delivered,1,1.0
751,1149,34,2025-11-09,9,477.63,delivered,2,2.0
752,899,6,2025-12-16,1,30.61,delivered,3,3.0
753,1192,17,2025-06-28,3,144.46,delivered,2,2.0
754,162,25,2025-11-10,5,301.22,delivered,2,2.0
755,1030,40,2025-09-04,8,595.06,delivered,3,3.0
756,673,22,2025-07-09,7,727.16,delivered,1,1.0
757,1026,36,2025-12-07,8,281.35,delivered,3,3.0
758,858,38,2025-10-17,2,120.02,delivered,3,3.0
759,653,34,2025-11-08,4,168.19,delivered,3,3.0
760,782,30,2025-10-14,6,295.59,delivered,2,2.0
761,779,22,2025-08-19,1,128.35,delivered,1,1.0
762,13,40,2025-11-20,1,68.42,delivered,2,2.0
763,5,11,2025-10-26,10,377.84,delivered,1,1.0
764,694,13,2025-07-17,9,707.67,delivered,2,2.0
765,472,23,2025-07-28,8,503.4,delivered,3,3.0
766,677,7,2025-10-27,5,210.69,delivered,3,4.0
767,566,13,2025-12-24,11,680.24,cancelled,1,
768,240,27,2025-08-23,7,844.41,delivered,1,1.0
769,455,37,2025-09-29,7,235.97,delivered,2,2.0
770,317,10,2025-12-21,10,369.21,delivered,3,3.0
771,625,28,2025-12-07,13,790.6,delivered,1,1.0
772,945,12,2025-10-17,7,259.91,delivered,1,1.0
773,1178,29,2025-11-07,13,543.6,delivered,2,2.0
774,494,28,2025-12-07,3,242.96,delivered,1,3.0
775,458,20,2025-10-16,8,436.36,delivered,3,3.0
776,727,26,2025-12-07,11,823.28,delivered,3,3.0
777,463,19,2025-12-15,10,691.36,delivered,2,2.0
778,54,31,2025-06-19,3,153.13,delivered,3,4.0
779,935,2,2025-11-26,6,425.45,delivered,2,4.0
780,694,27,2025-12-06,5,632.37,cancelled,3,
781,458,20,2025-12-20,6,235.96,delivered,3,3.0
782,860,3,2025-11-10,7,472.9,delivered,2,2.0
783,501,39,2025-10-09,7,344.8,delivered,1,1.0
784,603,16,2025-11-27,6,512.93,cancelled,1,
785,426,31,2025-11-01,4,208.94,delivered,1,1.0
786,715,33,2025-11-11,10,449.38,delivered,2,2.0
787,455,23,2025-11-18,10,582.92,delivered,1,1.0
788,923,11,2025-08-20,7,319.62,delivered,1,1.0
789,183,25,2025-09-20,5,410.61,delivered,2,2.0
790,311,33,2025-12-09,3,137.84,delivered,1,1.0
791,456,35,2025-06-14,2,85.65,delivered,2,2.0
792,1051,9,2025-07-25,12,624.81,delivered,2,2.0
793,510,39,2025-10-01,8,449.8,delivered,3,4.0
794,1035,25,2025-07-06,5,436.09,delivered,2,5.0
795,1055,39,2025-09-08,2,117.44,delivered,2,2.0
796,339,40,2025-09-03,4,229.47,delivered,1,1.0
797,191,18,2025-11-11,8,343.26,delivered,1,1.0
798,828,20,2025-12-18,7,289.29,delivered,3,3.0
799,128,2,2025-07-14,1,67.7,delivered,1,1.0
800,897,23,2025-08-10,5,272.88,delivered,3,3.0
801,596,34,2025-12-09,10,458.57,delivered,2,4.0
802,307,4,2025-06-23,10,480.45,delivered,3,3.0
803,438,12,2025-12-17,10,376.08,delivered,1,1.0
804,777,8,2025-08-27,15,828.35,delivered,3,3.0
805,910,1,2025-11-14,11,402.01,cancelled,1,
806,1191,27,2025-10-15,7,893.82,delivered,3,4.0
807,1188,29,2025-07-17,8,350.07,delivered,2,2.0
808,945,16,2025-08-14,6,486.84,delivered,1,1.0
809,219,34,2025-07-23,7,345.71,delivered,2,2.0
810,509,19,2025-12-23,9,582.19,delivered,3,3.0
811,320,33,2025-08-24,11,489.18,delivered,2,2.0
812,680,13,2025-11-11,3,252.89,delivered,1,1.0
813,706,20,2025-12-03,9,453.46,delivered,3,3.0
814,981,8,2025-10-11,9,490.66,delivered,1,1.0
815,1049,13,2025-05-28,9,674.12,delivered,2,2.0
816,1111,12,2025-08-07,3,101.92,delivered,2,2.0
817,874,3,2025-10-25,13,961.67,delivered,2,2.0
818,748,18,2025-10-30,6,249.54,delivered,2,2.0
819,789,2,2025-07-28,12,829.92,delivered,3,3.0
820,727,29,2025-12-11,9,370.57,delivered,2,2.0
821,546,3,2025-10-29,6,393.35,delivered,1,1.0
822,791,11,2025-10-09,12,531.38,delivered,1,1.0
823,320,9,2025-06-18,10,586.56,delivered,3,3.0
824,320,6,2025-12-24,10,330.07,delivered,1,1.0
825,1037,32,2025-10-25,11,690.97,delivered,3,3.0
826,64,34,2025-08-29,13,685.27,delivered,3,3.0
827,903,39,2025-11-20,12,570.8,delivered,2,2.0
828,73,20,2025-10-14,4,206.59,delivered,2,2.0
829,752,24,2025-11-26,1,35.72,delivered,1,1.0
830,752,1,2025-10-20,8,294.35,delivered,2,2.0
831,395,37,2025-08-23,6,239.4,delivered,3,3.0
832,699,5,2025-08-20,10,490.1,delivered,2,2.0
833,1157,19,2025-12-14,3,217.34,delivered,3,3.0
834,903,38,2025-12-25,13,1118.45,delivered,2,2.0
835,260,40,2025-12-09,5,319.36,delivered,2,2.0
836,438,38,2025-12-13,8,680.48,delivered,2,2.0
837,296,12,2025-09-29,2,68.96,delivered,3,3.0
838,296,6,2025-06-30,1,42.29,delivered,2,2.0
839,1027,23,2025-12-14,1,60.09,delivered,1,4.0
840,1051,9,2025-11-06,3,182.98,delivered,3,3.0
841,653,23,2025-11-30,10,644.8,delivered,3,3.0
842,180,34,2025-08-24,6,326.31,delivered,3,3.0
843,17,39,2025-11-23,12,624.69,delivered,3,3.0
844,1044,11,2025-09-12,1,47.13,delivered,3,3.0
845,892,3,2025-10-05,7,505.93,delivered,1,1.0
846,178,3,2025-11-16,6,351.69,delivered,2,2.0
847,1112,20,2025-09-08,3,124.36,delivered,1,1.0
848,1063,36,2025-08-11,7,328.68,cancelled,2,
849,351,25,2025-12-01,6,444.37,delivered,3,3.0
850,791,29,2025-10-15,5,274.88,delivered,1,1.0
851,681,27,2025-06-30,7,769.89,delivered,2,5.0
852,216,27,2025-09-22,9,878.89,delivered,3,3.0
853,966,35,2025-11-09,11,382.96,delivered,3,3.0
854,752,5,2025-09-13,5,218.95,delivered,2,2.0
855,777,37,2025-05-14,4,136.65,delivered,1,1.0
856,320,4,2025-08-30,10,545.58,delivered,3,3.0
857,502,35,2025-05-27,12,406.13,disputed,3,3.0
858,165,6,2025-07-11,12,473.03,delivered,2,2.0
859,273,10,2025-08-09,7,319.34,delivered,3,3.0
860,320,8,2025-12-03,5,325.61,cancelled,1,
861,941,36,2025-08-05,13,578.89,delivered,2,2.0
862,826,21,2025-11-25,7,289.8,cancelled,2,
863,72,25,2025-09-09,6,441.28,delivered,1,1.0
864,754,17,2025-09-08,8,385.2,cancelled,1,
865,118,7,2025-12-01,14,594.39,delivered,2,2.0
866,743,7,2025-12-09,8,333.33,delivered,2,3.0
867,109,15,2025-12-11,8,648.19,delivered,3,6.0
868,110,20,2025-08-14,4,200.12,delivered,1,1.0
869,58,3,2025-11-23,12,782.43,delivered,3,3.0
870,952,30,2025-10-09,7,341.27,delivered,3,3.0
871,320,10,2025-10-10,5,220.82,delivered,3,5.0
872,316,35,2025-12-07,4,150.4,delivered,2,2.0
873,70,15,2025-09-15,3,182.67,delivered,1,1.0
874,1154,2,2025-10-03,9,569.38,delivered,1,1.0
875,109,11,2025-12-14,5,262.92,delivered,2,2.0
876,458,6,2025-12-08,5,160.2,delivered,1,1.0
877,876,28,2025-11-09,7,514.53,delivered,3,3.0
878,919,11,2025-06-17,4,150.36,delivered,2,2.0
879,653,18,2025-10-11,11,413.6,cancelled,1,
880,320,26,2025-09-09,7,501.45,delivered,2,2.0
881,54,17,2025-12-04,11,596.58,delivered,3,3.0
882,51,5,2025-12-07,8,329.83,delivered,1,1.0
883,273,11,2025-10-30,12,460.89,delivered,3,5.0
884,54,17,2025-06-11,3,120.52,delivered,1,1.0
885,994,9,2025-12-02,4,202.27,delivered,2,2.0
886,717,7,2025-11-04,11,427.88,delivered,3,4.0
887,1063,6,2025-09-18,6,233.0,delivered,1,1.0
888,357,32,2025-11-30,5,238.5,delivered,1,1.0
889,829,33,2025-11-03,3,135.13,delivered,2,2.0
890,941,40,2025-08-29,9,591.7,delivered,2,2.0
891,554,4,2025-06-01,5,259.13,delivered,1,1.0
892,910,26,2025-12-03,6,409.93,delivered,2,2.0
893,96,15,2025-11-14,7,431.03,delivered,3,5.0
894,1029,29,2025-08-29,7,303.3,delivered,3,3.0
895,320,34,2025-08-27,5,211.73,cancelled,2,
896,805,32,2025-10-14,5,320.88,delivered,2,5.0
897,298,24,2025-12-21,4,146.59,delivered,1,1.0
898,1049,2,2025-08-28,4,329.38,delivered,3,3.0
899,54,1,2025-04-30,8,276.99,delivered,1,1.0
900,707,19,2025-10-15,2,134.68,delivered,2,2.0
901,317,1,2025-11-06,9,294.55,delivered,3,3.0
902,7,19,2025-09-23,3,222.08,delivered,3,3.0
903,1051,10,2025-10-02,8,362.95,delivered,1,1.0
904,677,7,2025-11-01,5,236.44,delivered,1,1.0
905,438,26,2025-12-22,7,507.95,delivered,1,1.0
906,910,22,2025-11-15,9,865.06,delivered,2,2.0
907,536,15,2025-11-17,10,830.8,delivered,1,1.0
908,397,32,2025-11-15,12,599.39,delivered,3,3.0
909,665,37,2025-12-02,9,293.46,delivered,1,1.0
910,1030,34,2025-09-20,8,320.8,delivered,2,2.0
911,476,30,2025-12-24,1,43.08,delivered,2,5.0
912,292,14,2025-09-26,6,440.13,delivered,3,3.0
913,1178,16,2025-12-18,15,939.81,delivered,1,1.0
914,775,10,2025-09-01,6,228.52,delivered,3,3.0
915,172,4,2025-11-20,3,122.24,delivered,1,1.0
916,3,16,2025-05-16,8,527.72,delivered,2,2.0
917,195,6,2025-12-01,13,529.96,delivered,3,3.0
918,320,27,2025-08-15,2,215.17,delivered,1,1.0
919,184,21,2025-10-16,7,357.08,delivered,1,1.0
920,95,39,2025-11-14,1,56.48,delivered,2,2.0
921,1004,14,2025-09-01,9,677.34,delivered,1,1.0
922,752,24,2025-06-20,1,40.56,delivered,3,3.0
923,752,16,2025-10-18,5,361.38,delivered,1,1.0
924,923,26,2025-03-13,3,174.34,delivered,3,3.0
925,484,15,2025-11-05,4,332.55,delivered,2,2.0
926,752,11,2025-07-08,9,368.27,delivered,2,2.0
927,596,34,2025-12-08,1,44.26,delivered,3,3.0
928,455,21,2025-11-26,10,455.42,delivered,3,3.0
929,381,3,2025-11-07,7,409.01,delivered,2,2.0
930,631,40,2025-11-02,8,417.02,delivered,3,3.0
931,252,28,2025-11-28,5,432.51,delivered,3,3.0
932,974,37,2025-09-06,4,151.44,delivered,2,2.0
933,1063,12,2025-07-09,9,306.81,delivered,1,1.0
934,655,5,2025-11-26,6,325.72,delivered,1,1.0
935,501,24,2025-09-24,8,342.76,delivered,1,4.0
936,298,30,2025-12-06,6,292.93,disputed,2,5.0
937,396,14,2025-12-11,7,520.39,delivered,2,4.0
938,718,26,2025-12-10,9,613.7,delivered,1,1.0
939,771,40,2025-09-27,8,439.98,delivered,3,3.0
940,830,37,2025-12-16,2,76.6,delivered,3,3.0
941,1165,35,2025-12-25,11,402.12,delivered,2,2.0
942,54,39,2025-10-28,12,726.2,delivered,2,2.0
943,501,27,2025-10-20,6,594.47,delivered,1,1.0
944,320,25,2025-10-10,9,695.51,cancelled,3,
945,1038,38,2025-12-07,2,146.0,delivered,2,2.0
946,62,35,2025-12-06,5,211.22,delivered,1,1.0
947,625,16,2025-11-14,12,1048.45,delivered,2,2.0
948,670,34,2025-10-23,7,288.49,cancelled,2,
949,798,17,2025-09-19,7,359.42,cancelled,1,
950,685,25,2025-11-01,6,516.49,delivered,3,3.0
951,962,40,2025-02-12,8,437.45,delivered,3,3.0
952,370,2,2025-08-18,7,603.07,cancelled,3,
953,320,17,2025-08-29,4,193.1,delivered,1,1.0
954,1034,25,2025-11-20,7,609.64,delivered,2,2.0
955,476,27,2025-12-22,4,502.85,delivered,3,3.0
956,897,14,2025-11-12,6,489.47,delivered,2,2.0
957,741,26,2025-12-11,4,255.84,delivered,2,2.0
958,717,10,2025-06-21,11,442.8,delivered,3,3.0
959,1193,18,2025-11-30,7,306.57,delivered,2,2.0
960,244,9,2025-11-07,4,197.87,delivered,3,3.0
961,354,12,2025-11-21,12,515.06,delivered,3,4.0
962,498,32,2025-12-20,4,196.22,delivered,1,1.0
963,320,12,2025-08-10,6,234.51,delivered,1,1.0
964,397,7,2025-12-02,6,230.72,delivered,1,1.0
965,386,36,2025-12-16,5,180.9,delivered,1,1.0
966,484,27,2025-04-03,7,673.11,delivered,3,3.0
967,1079,21,2025-07-03,8,362.5,disputed,2,2.0
968,694,30,2025-09-26,3,139.21,delivered,3,3.0
969,209,14,2025-12-05,7,520.74,delivered,1,4.0
970,1095,33,2025-11-21,2,85.94,delivered,2,2.0
971,543,22,2025-07-26,11,1240.91,delivered,1,1.0
972,414,15,2025-12-08,8,641.18,delivered,1,1.0
973,240,14,2025-12-04,12,932.07,delivered,2,4.0
974,647,39,2025-11-23,8,374.6,delivered,3,3.0
975,343,1,2025-11-12,5,209.26,delivered,3,3.0
976,539,32,2025-10-05,8,436.05,delivered,1,1.0
977,1049,19,2025-06-14,6,427.01,delivered,2,2.0
978,820,2,2025-11-10,9,650.07,delivered,1,1.0
979,717,40,2025-08-23,3,158.15,delivered,1,1.0
980,273,29,2025-12-27,12,512.1,delivered,3,3.0
981,559,4,2025-08-20,5,263.58,delivered,1,1.0
982,998,28,2025-10-07,8,668.05,delivered,3,4.0
983,910,17,2025-10-06,7,266.31,delivered,2,2.0
984,129,21,2025-11-27,9,355.6,disputed,1,1.0
985,868,26,2025-04-29,14,870.67,delivered,1,1.0
986,1019,25,2025-07-15,3,258.35,delivered,1,1.0
987,406,36,2025-07-24,5,232.21,delivered,3,5.0
988,240,6,2025-05-28,7,221.61,delivered,1,1.0
989,194,23,2025-07-18,3,179.91,delivered,1,1.0
990,1069,11,2025-10-16,4,172.65,delivered,2,2.0
991,59,3,2025-11-29,5,263.42,delivered,3,3.0
992,809,16,2025-09-12,9,717.59,delivered,3,6.0
993,1049,21,2025-09-30,8,429.58,delivered,1,1.0
994,789,37,2025-07-05,3,121.39,delivered,1,1.0
995,1040,21,2025-12-11,6,298.08,delivered,2,2.0
996,903,4,2025-11-20,9,479.9,disputed,3,3.0
997,446,13,2025-09-04,2,130.32,delivered,1,1.0
998,54,21,2025-06-10,4,162.0,delivered,2,2.0
999,1125,30,2025-12-15,8,391.65,delivered,3,3.0
1000,712,39,2025-10-08,1,60.23,delivered,2,2.0
1001,296,28,2025-10-14,5,404.47,delivered,2,2.0
1002,212,9,2025-10-26,7,374.73,delivered,3,3.0
1003,752,13,2025-08-14,3,220.37,delivered,2,2.0
1004,1026,27,2025-12-06,10,1312.83,delivered,1,1.0
1005,426,5,2025-11-12,9,359.38,delivered,2,2.0
1006,805,11,2025-09-05,8,312.28,delivered,1,1.0
1007,1129,25,2025-09-06,5,409.52,delivered,2,2.0
1008,317,7,2025-12-18,7,275.23,delivered,2,2.0
1009,320,18,2025-12-01,1,33.09,delivered,3,3.0
1010,1063,25,2025-11-19,12,896.22,delivered,3,3.0
1011,5,8,2025-07-28,6,317.16,delivered,2,2.0
1012,454,11,2025-11-14,9,426.04,delivered,1,1.0
1013,897,24,2025-09-29,8,323.54,delivered,1,1.0
1014,406,16,2025-05-16,11,861.4,delivered,1,1.0
1015,874,16,2025-11-17,10,776.71,delivered,1,1.0
1016,1142,32,2025-10-07,13,821.05,cancelled,3,
1017,320,26,2025-09-02,6,307.56,disputed,3,3.0
1018,1198,27,2025-11-16,8,1048.29,delivered,3,3.0
1019,110,29,2025-05-25,3,134.05,delivered,2,2.0
1020,502,18,2025-05-24,5,207.54,delivered,2,2.0
1021,808,12,2025-10-18,3,126.04,delivered,1,1.0
1022,974,32,2025-09-04,7,320.92,delivered,2,2.0
1023,320,12,2025-08-16,2,65.54,delivered,2,2.0
1024,752,24,2025-09-26,6,218.21,delivered,3,3.0
1025,677,4,2025-11-30,9,405.9,delivered,2,2.0
1026,514,1,2025-12-15,4,185.08,delivered,3,3.0
1027,888,10,2025-06-12,5,228.83,delivered,2,2.0
1028,1035,29,2025-10-19,8,328.17,delivered,2,2.0
1029,554,21,2025-07-23,5,204.83,delivered,2,2.0
1030,766,38,2025-10-28,10,598.18,delivered,3,3.0
1031,406,8,2025-08-31,7,517.18,delivered,1,1.0
1032,342,35,2025-11-30,7,261.73,delivered,2,2.0
1033,96,34,2025-09-09,9,396.29,delivered,2,2.0
1034,96,38,2025-08-22,11,733.36,delivered,3,3.0
1035,378,30,2025-10-27,3,130.78,delivered,1,1.0
1036,715,28,2025-10-25,1,70.75,delivered,2,2.0
1037,220,12,2025-06-11,11,442.91,delivered,2,2.0
1038,543,3,2025-11-10,8,575.28,delivered,3,3.0
1039,1150,26,2025-11-22,3,181.27,delivered,1,1.0
1040,273,37,2025-11-22,7,296.95,delivered,2,2.0
1041,170,28,2025-10-28,6,490.45,delivered,2,2.0
1042,874,12,2025-12-04,8,303.41,delivered,2,2.0
1043,320,21,2025-11-06,5,251.13,delivered,1,1.0
1044,5,4,2025-11-09,6,276.12,delivered,2,2.0
1045,442,13,2025-12-15,8,548.75,delivered,1,1.0
1046,129,6,2025-11-09,5,181.8,delivered,2,2.0
1047,1146,38,2025-11-02,9,712.3,delivered,1,1.0
1048,445,3,2025-11-27,7,512.17,delivered,3,3.0
1049,109,13,2025-12-18,13,982.0,delivered,3,3.0
1050,152,2,2025-11-06,1,67.8,delivered,1,1.0
1051,1105,13,2025-11-01,8,656.73,delivered,3,3.0
1052,609,31,2025-10-22,2,98.39,delivered,1,1.0
1053,376,10,2025-06-27,8,286.49,delivered,2,2.0
1054,576,7,2025-11-12,8,286.71,delivered,3,3.0
1055,110,2,2025-07-13,10,780.78,delivered,1,1.0
1056,320,38,2025-11-22,9,786.05,delivered,2,2.0
1057,1051,14,2025-08-02,4,303.07,delivered,3,3.0
1058,438,35,2025-12-06,9,284.23,delivered,2,2.0
1059,317,38,2025-11-21,7,495.96,delivered,3,3.0
1060,484,18,2025-05-12,10,372.55,delivered,2,2.0
1061,819,23,2025-07-25,9,407.58,disputed,1,1.0
1062,122,19,2025-10-23,1,73.63,delivered,2,2.0
1063,930,29,2025-09-10,3,120.02,disputed,3,3.0
1064,1049,8,2025-05-02,9,596.54,delivered,2,2.0
1065,727,5,2025-12-10,9,482.44,delivered,2,2.0
1066,51,29,2025-11-27,10,439.26,delivered,3,3.0
1067,272,12,2025-07-05,4,154.99,delivered,2,2.0
1068,897,35,2025-08-19,11,406.64,cancelled,1,
1069,172,7,2025-12-22,10,399.18,delivered,1,1.0
1070,298,17,2025-11-19,3,134.76,delivered,3,3.0
1071,1178,25,2025-11-21,8,484.52,delivered,1,1.0
1072,1051,23,2025-08-18,7,398.77,delivered,3,3.0
1073,240,28,2025-11-17,4,240.73,delivered,2,2.0
1074,250,16,2025-11-01,8,499.36,delivered,2,2.0
1075,1030,35,2025-08-30,12,506.99,delivered,2,2.0
1076,151,34,2025-12-14,10,421.56,delivered,2,2.0
1077,874,15,2025-12-05,10,636.32,delivered,2,2.0
1078,19,29,2025-08-24,5,212.5,delivered,1,1.0
1079,1009,38,2025-09-07,5,375.42,delivered,1,1.0
1080,118,9,2025-11-24,9,412.21,delivered,2,2.0
1081,897,23,2025-12-23,9,458.35,delivered,3,3.0
1082,484,14,2025-09-18,10,738.94,delivered,3,3.0
1083,1025,21,2025-07-25,4,166.49,delivered,3,3.0
1084,438,13,2025-12-26,5,318.45,delivered,1,1.0
1085,879,31,2025-09-26,14,537.41,delivered,1,1.0
1086,1026,16,2025-11-01,9,704.31,delivered,1,1.0
1087,96,33,2025-11-03,4,153.18,delivered,3,3.0
1088,291,2,2025-11-04,10,704.19,delivered,2,2.0
1089,389,16,2025-12-16,6,421.79,delivered,1,1.0
1090,665,20,2025-11-25,7,311.05,delivered,3,3.0
1091,317,40,2025-11-12,4,247.11,delivered,1,1.0
1092,694,36,2025-07-08,10,333.24,delivered,1,1.0
1093,5,10,2025-09-04,13,445.27,cancelled,3,
1094,706,28,2025-11-24,1,86.82,delivered,3,3.0
1095,931,29,2025-09-21,11,600.72,delivered,1,1.0
1096,406,34,2025-07-19,2,75.71,delivered,1,1.0
1097,1119,23,2025-10-07,4,205.92,cancelled,1,
1098,64,32,2025-10-22,6,283.39,delivered,1,1.0
1099,526,1,2025-11-10,11,521.45,delivered,3,3.0
1100,510,12,2025-11-08,10,315.82,delivered,2,2.0
1101,526,15,2025-11-07,5,372.49,delivered,2,2.0
1102,51,32,2025-11-21,6,354.8,delivered,2,2.0
1103,966,35,2025-10-03,5,155.58,delivered,2,2.0
1104,623,5,2025-11-24,6,290.79,delivered,1,1.0
1105,1106,16,2025-07-07,1,77.37,delivered,2,2.0
1106,376,27,2025-08-31,12,1613.4,cancelled,2,
1107,998,9,2025-11-13,7,336.13,delivered,2,2.0
1108,201,2,2025-09-04,3,240.45,delivered,1,1.0
1109,979,27,2025-11-24,8,1060.18,cancelled,1,
1110,1001,1,2025-10-26,3,125.59,delivered,1,1.0
1111,1193,19,2025-09-12,13,944.62,delivered,1,1.0
1112,317,21,2025-12-24,4,214.99,delivered,1,1.0
1113,260,24,2025-07-02,5,201.47,delivered,3,3.0
1114,406,8,2025-09-06,12,852.41,cancelled,1,
1115,1,17,2025-11-09,7,312.65,delivered,2,2.0
1116,1063,36,2025-10-12,2,79.6,delivered,1,1.0
1117,673,8,2025-10-01,7,450.16,delivered,1,1.0
1118,389,9,2025-12-07,5,239.69,delivered,3,3.0
1119,752,23,2025-10-25,1,46.5,delivered,2,2.0
1120,323,5,2025-12-29,4,170.62,delivered,1,1.0
1121,183,10,2025-10-22,7,269.36,delivered,1,1.0
1122,820,1,2025-10-11,6,226.74,delivered,2,2.0
1123,554,14,2025-09-27,10,714.57,delivered,2,2.0
1124,296,25,2025-10-13,6,446.01,delivered,2,2.0
1125,3,23,2025-12-23,3,193.32,delivered,1,1.0
1126,1199,39,2025-11-20,8,462.58,disputed,3,3.0
1127,312,11,2025-09-09,6,293.65,delivered,1,1.0
1128,276,36,2025-12-22,3,103.81,delivered,2,5.0
1129,929,20,2025-10-16,8,346.01,delivered,1,1.0
1130,19,3,2025-12-10,9,586.47,delivered,3,6.0
1131,320,21,2025-09-28,9,387.1,delivered,3,3.0
1132,826,5,2025-05-15,8,312.79,delivered,3,3.0
1133,1004,7,2025-10-31,15,649.46,delivered,3,3.0
1134,969,30,2025-11-06,5,194.44,delivered,2,3.0
1135,320,17,2025-09-17,4,178.0,delivered,3,3.0
1136,29,36,2025-06-23,2,93.05,delivered,2,2.0
1137,952,18,2025-11-01,4,142.67,cancelled,3,
1138,456,25,2025-11-10,12,1048.2,delivered,1,1.0
1139,132,4,2025-12-23,4,177.14,delivered,1,1.0
1140,491,5,2025-11-17,7,322.02,delivered,2,2.0
1141,273,38,2025-09-24,9,604.31,delivered,3,3.0
1142,426,37,2025-12-03,8,326.5,delivered,1,1.0
1143,371,2,2025-09-08,7,606.47,delivered,3,3.0
1144,783,24,2025-11-16,4,135.88,delivered,3,3.0
1145,132,11,2025-12-20,6,255.53,delivered,2,2.0
1146,70,6,2025-09-28,8,297.88,delivered,2,2.0
1147,963,39,2025-10-10,10,545.95,delivered,2,2.0
1148,95,35,2025-12-05,3,99.56,delivered,1,4.0
1149,484,6,2025-09-15,11,426.9,delivered,2,2.0
1150,320,14,2025-07-31,8,671.46,delivered,1,1.0
1151,260,21,2025-11-08,5,222.32,delivered,1,1.0
1152,109,11,2025-12-20,5,214.05,delivered,1,1.0
1153,178,6,2025-11-03,6,247.26,delivered,2,2.0
1154,273,31,2025-12-01,2,78.42,delivered,2,2.0
1155,619,25,2025-07-08,7,436.26,delivered,1,1.0
1156,941,25,2025-08-06,10,849.68,delivered,1,1.0
1157,320,30,2025-11-28,3,163.82,delivered,3,3.0
1158,1187,4,2025-10-04,4,169.24,delivered,1,1.0
1159,1099,3,2025-11-09,8,598.63,delivered,1,2.0
1160,955,20,2025-10-14,8,358.64,delivered,2,2.0
1161,354,3,2025-12-14,9,575.83,delivered,1,1.0
1162,1038,20,2025-11-30,3,147.01,delivered,1,1.0
1163,501,9,2025-11-25,8,360.6,delivered,3,3.0
1164,962,33,2025-07-09,4,150.08,delivered,2,5.0
1165,298,17,2025-11-20,6,225.6,delivered,2,2.0
1166,512,12,2025-11-14,1,41.95,delivered,2,5.0
1167,845,14,2025-10-17,6,523.74,delivered,2,2.0
1168,320,4,2025-09-29,7,367.06,delivered,3,3.0
1169,289,2,2025-09-09,2,126.91,delivered,1,1.0
1170,198,3,2025-12-15,11,761.89,delivered,1,1.0
1171,320,1,2025-09-17,11,386.31,delivered,1,1.0
1172,157,38,2025-10-07,5,355.22,delivered,2,2.0
1173,1099,16,2025-12-12,7,597.88,delivered,2,2.0
1174,1194,28,2025-07-07,5,306.52,delivered,2,4.0
1175,349,29,2025-09-22,8,344.74,delivered,3,3.0
1176,143,1,2025-06-22,9,336.03,delivered,2,3.0
1177,1049,11,2025-05-25,8,316.56,delivered,1,1.0
1178,1125,22,2025-11-25,10,1366.14,delivered,1,1.0
1179,739,37,2025-12-19,1,37.1,delivered,1,1.0
1180,1029,9,2025-08-17,6,267.5,delivered,3,3.0
1181,458,26,2025-12-08,10,632.54,delivered,3,3.0
1182,623,26,2025-09-17,15,964.15,delivered,2,2.0
1183,240,28,2025-09-30,6,506.62,delivered,2,2.0
1184,1117,16,2025-07-30,9,650.45,delivered,2,2.0
1185,752,15,2025-10-11,5,344.6,delivered,2,2.0
1186,694,33,2025-11-21,14,544.59,delivered,2,2.0
1187,427,11,2025-11-23,5,260.87,delivered,3,3.0
1188,198,12,2025-11-30,6,200.54,delivered,2,2.0
1189,54,31,2025-06-20,11,472.72,delivered,2,2.0
1190,692,17,2025-11-15,5,240.6,delivered,1,1.0
1191,814,15,2025-09-25,6,441.3,delivered,3,3.0
1192,1194,2,2025-06-29,10,621.67,delivered,3,3.0
1193,441,4,2025-08-06,2,89.84,delivered,1,1.0
1194,971,30,2025-10-16,8,315.14,delivered,2,2.0
1195,897,16,2025-11-17,11,924.56,delivered,1,1.0
1196,320,30,2025-08-09,6,320.82,delivered,2,2.0
1197,484,8,2025-08-15,5,273.87,cancelled,3,
1198,1000,28,2025-12-16,3,214.22,delivered,1,1.0
1199,320,24,2025-08-28,6,205.77,delivered,1,1.0
1200,383,21,2025-12-02,1,53.24,delivered,2,2.0
1201,1055,17,2025-08-24,5,253.39,delivered,3,3.0
1202,649,26,2025-11-10,6,379.28,delivered,2,2.0
1203,484,40,2025-07-26,4,205.34,delivered,2,2.0
1204,712,31,2025-11-14,2,108.35,delivered,1,1.0
1205,1194,32,2025-08-22,6,305.71,delivered,3,3.0
1206,642,3,2025-12-17,7,426.72,delivered,2,2.0
1207,1056,32,2025-07-22,3,145.52,delivered,3,3.0
1208,20,36,2025-12-07,6,265.68,delivered,3,3.0
1209,715,33,2025-11-07,7,242.8,delivered,1,1.0
1210,506,25,2025-12-17,9,711.04,delivered,3,3.0
1211,320,13,2025-09-25,6,494.52,delivered,1,1.0
1212,1074,39,2025-10-22,3,176.38,delivered,2,3.0
1213,1009,40,2025-08-26,1,51.02,delivered,3,3.0
1214,320,16,2025-09-29,2,145.12,delivered,1,1.0
1215,54,28,2025-11-04,12,1042.91,delivered,1,1.0
1216,941,36,2025-12-12,9,347.58,delivered,2,2.0
1217,827,15,2025-08-01,6,420.74,delivered,1,1.0
1218,879,21,2025-10-24,7,346.87,delivered,3,3.0
1219,1077,24,2025-10-25,14,477.48,delivered,3,3.0
1220,979,29,2025-11-14,10,538.91,delivered,3,3.0
1221,1143,13,2025-11-14,8,488.66,delivered,1,1.0
1222,207,5,2025-07-15,5,220.59,delivered,2,2.0
1223,743,39,2025-12-06,5,292.79,delivered,3,3.0
1224,320,19,2025-09-13,6,454.34,delivered,3,3.0
1225,843,14,2025-11-10,7,433.03,delivered,1,1.0
1226,1105,20,2025-11-29,8,352.81,delivered,3,3.0
1227,109,37,2025-12-06,9,392.67,delivered,1,1.0
1228,406,31,2025-10-12,11,496.43,delivered,1,3.0
1229,1039,22,2025-11-24,4,457.8,delivered,1,1.0
1230,739,20,2025-12-12,3,159.81,delivered,3,3.0
1231,1028,22,2025-12-07,14,1676.91,delivered,2,2.0
1232,545,2,2025-10-23,5,377.13,delivered,1,1.0
1233,746,3,2025-11-02,8,582.65,delivered,3,3.0
1234,897,28,2025-11-15,6,440.71,delivered,3,3.0
1235,126,26,2025-11-22,7,448.32,delivered,2,2.0
1236,694,22,2025-08-09,3,352.91,delivered,2,2.0
1237,513,30,2025-09-24,10,536.09,delivered,3,3.0
1238,891,37,2025-11-30,9,358.54,delivered,3,3.0
1239,262,10,2025-11-23,11,445.38,delivered,1,1.0
1240,1051,8,2025-11-08,4,208.7,delivered,1,1.0
1241,104,38,2025-10-19,9,756.67,delivered,1,3.0
1242,334,18,2025-12-23,9,348.61,disputed,3,3.0
1243,395,14,2025-12-01,7,572.45,delivered,2,2.0
1244,680,18,2025-12-09,7,232.12,delivered,3,3.0
1245,694,10,2025-10-12,8,258.92,delivered,1,1.0
1246,5,10,2025-11-26,10,323.37,delivered,3,3.0
1247,694,34,2025-08-03,6,297.51,delivered,1,1.0
1248,612,34,2025-11-30,3,158.79,delivered,3,3.0
1249,240,29,2025-10-02,12,543.97,delivered,1,1.0
1250,216,28,2025-10-11,1,69.0,delivered,2,2.0
1251,1049,17,2025-08-26,8,318.41,delivered,1,1.0
1252,752,23,2025-10-06,4,254.27,delivered,1,1.0
1253,402,40,2025-05-05,9,633.79,delivered,2,2.0
1254,869,4,2025-09-26,9,428.2,delivered,2,2.0
1255,728,14,2025-11-13,6,519.32,delivered,1,3.0
1256,49,34,2025-05-14,3,155.98,delivered,1,1.0
1257,320,24,2025-09-18,8,281.5,cancelled,2,
1258,1182,3,2025-06-18,4,259.02,delivered,3,3.0
1259,191,21,2025-10-21,5,200.99,delivered,3,3.0
1260,320,21,2025-11-24,9,484.38,delivered,3,3.0
1261,1098,26,2025-11-09,4,231.23,delivered,1,1.0
1262,643,33,2025-11-09,3,99.12,delivered,2,2.0
1263,357,35,2025-12-18,6,215.9,delivered,1,1.0
1264,752,28,2025-07-05,1,63.02,delivered,1,1.0
1265,1102,10,2025-11-05,8,304.45,delivered,3,4.0
1266,910,4,2025-09-17,2,104.99,delivered,2,2.0
1267,653,9,2025-11-11,5,243.36,delivered,2,2.0
1268,824,5,2025-08-21,9,464.14,delivered,3,3.0
1269,822,31,2025-08-27,9,370.47,delivered,3,3.0
1270,364,7,2025-11-09,6,250.49,delivered,1,4.0
1271,661,17,2025-09-04,9,378.89,delivered,3,3.0
1272,694,40,2025-08-14,9,602.43,cancelled,2,
1273,320,35,2025-09-08,8,253.86,cancelled,3,
1274,964,24,2025-11-08,3,108.98,delivered,2,2.0
1275,320,10,2025-10-30,10,447.0,delivered,2,2.0
1276,839,20,2025-11-19,3,146.06,delivered,3,3.0
1277,1076,10,2025-12-05,2,91.75,delivered,1,1.0
1278,75,26,2025-12-26,10,742.4,delivered,2,2.0
1279,694,12,2025-06-09,11,422.64,delivered,2,2.0
1280,966,4,2025-11-23,6,317.74,delivered,3,3.0
1281,109,30,2025-12-07,5,240.98,delivered,2,2.0
1282,931,32,2025-12-08,10,625.04,delivered,3,3.0
1283,52,12,2025-10-06,2,61.0,delivered,1,1.0
1284,777,30,2025-11-06,7,299.09,delivered,1,1.0
1285,938,17,2025-12-04,4,159.77,delivered,3,3.0
1286,343,38,2025-06-29,1,65.77,delivered,1,1.0
1287,320,35,2025-09-07,10,389.43,delivered,3,3.0
1288,320,13,2025-09-28,6,521.99,delivered,2,2.0
1289,752,26,2025-07-28,5,344.04,delivered,1,1.0
1290,1098,39,2025-12-16,12,663.05,delivered,3,5.0
1291,370,14,2025-08-25,11,668.38,delivered,2,2.0
1292,694,17,2025-10-03,3,151.72,delivered,2,2.0
1293,849,31,2025-09-30,13,496.66,delivered,3,3.0
1294,891,7,2025-12-18,4,182.76,delivered,2,2.0
1295,191,27,2025-12-18,6,781.85,delivered,2,2.0
1296,458,24,2025-11-23,2,62.62,delivered,1,1.0
1297,744,14,2025-11-19,9,664.65,cancelled,2,
1298,998,38,2025-09-11,6,389.79,delivered,1,1.0
1299,107,35,2025-11-02,8,309.28,delivered,2,2.0
1300,872,20,2025-12-24,1,47.67,delivered,2,2.0
1301,101,31,2025-08-11,7,348.12,delivered,3,3.0
1302,624,28,2025-10-31,3,179.91,disputed,3,3.0
1303,376,17,2025-10-04,10,479.89,delivered,2,2.0
1304,54,26,2025-10-21,7,413.06,delivered,2,2.0
1305,694,3,2025-11-03,9,483.2,delivered,1,1.0
1306,291,39,2025-11-27,5,249.51,delivered,1,1.0
1307,941,18,2025-10-21,6,243.49,delivered,2,2.0
1308,487,18,2025-11-19,5,182.35,delivered,3,3.0
1309,967,3,2025-11-22,6,366.88,delivered,1,1.0
1310,307,28,2025-11-07,8,518.93,delivered,1,1.0
1311,484,1,2025-10-29,10,439.49,delivered,1,4.0
1312,706,23,2025-12-14,2,93.07,delivered,1,1.0
1313,649,36,2025-11-17,7,315.89,delivered,3,3.0
1314,985,20,2025-10-16,9,443.82,delivered,3,3.0
1315,565,25,2025-03-24,3,179.06,delivered,2,5.0
1316,112,17,2025-11-07,5,232.86,delivered,2,2.0
1317,406,16,2025-09-02,8,666.0,delivered,3,3.0
1318,455,31,2025-12-15,9,478.3,delivered,2,2.0
1319,587,6,2025-10-21,10,344.39,delivered,1,1.0
1320,280,40,2025-08-29,8,522.73,delivered,2,2.0
1321,1035,25,2025-10-08,5,331.41,delivered,2,2.0
1322,320,40,2025-08-01,8,492.43,cancelled,1,
1323,320,29,2025-12-04,11,523.0,delivered,2,2.0
1324,520,8,2025-11-29,8,554.81,delivered,1,1.0
1325,801,1,2025-10-28,9,353.29,delivered,2,2.0
1326,1026,36,2025-12-19,6,203.93,delivered,2,2.0
1327,436,10,2025-09-22,10,420.81,delivered,1,1.0
1328,741,27,2025-11-03,14,1557.17,cancelled,1,
1329,922,7,2025-12-19,1,39.49,delivered,1,2.0
1330,777,5,2025-09-03,10,454.55,delivered,1,1.0
1331,109,8,2025-12-24,6,381.2,delivered,1,1.0
1332,1083,9,2025-10-28,5,303.85,disputed,2,2.0
1333,456,20,2025-10-28,3,136.32,delivered,1,1.0
1334,337,15,2025-12-08,6,396.47,delivered,2,2.0
1335,879,40,2025-10-27,6,421.04,delivered,2,2.0
1336,1018,29,2025-08-01,9,426.25,delivered,1,1.0
1337,1102,2,2025-11-29,10,826.08,delivered,3,3.0
1338,1076,19,2025-08-10,9,622.9,delivered,1,1.0
1339,320,24,2025-11-21,12,374.27,delivered,2,2.0
1340,323,20,2025-12-27,3,135.52,delivered,2,2.0
1341,458,33,2025-12-12,7,318.06,cancelled,3,
1342,1063,14,2025-10-17,6,494.0,delivered,3,3.0
1343,681,19,2025-11-11,5,322.42,delivered,1,1.0
1344,59,1,2025-10-08,6,230.97,delivered,1,1.0
1345,1052,21,2025-04-27,3,147.01,delivered,1,1.0
1346,653,34,2025-12-11,13,669.76,delivered,3,3.0
1347,1182,5,2025-10-20,8,370.03,delivered,3,6.0
1348,484,26,2025-11-09,6,395.98,delivered,1,1.0
1349,857,31,2025-08-12,1,47.02,delivered,2,2.0
1350,1004,34,2025-10-29,6,280.16,delivered,1,1.0
1351,959,23,2025-12-25,9,511.5,delivered,2,2.0
1352,419,20,2025-10-04,4,195.48,delivered,3,3.0
1353,1030,34,2025-09-07,2,106.93,cancelled,1,
1354,72,29,2025-09-16,6,253.22,delivered,3,3.0
1355,524,24,2025-12-22,6,193.22,delivered,2,4.0
1356,539,32,2025-11-05,6,272.21,delivered,2,2.0
1357,1128,17,2025-09-12,9,393.83,delivered,2,2.0
1358,1131,39,2025-08-03,11,677.46,delivered,3,3.0
1359,387,32,2025-10-16,4,186.64,delivered,1,1.0
1360,273,15,2025-09-17,9,562.81,delivered,3,3.0
1361,1026,27,2025-11-04,8,842.57,delivered,1,1.0
1362,967,9,2025-11-08,6,387.24,delivered,3,3.0
1363,242,33,2025-09-12,5,186.29,delivered,3,3.0
1364,109,31,2025-12-02,15,586.91,delivered,2,2.0
1365,769,32,2025-10-02,2,101.45,delivered,1,1.0
1366,777,10,2025-07-20,6,233.54,disputed,2,2.0
1367,745,21,2025-11-17,7,328.58,delivered,3,3.0
1368,910,30,2025-11-22,7,293.85,delivered,1,1.0
1369,706,37,2025-12-19,6,229.22,delivered,2,2.0
1370,1163,39,2025-12-19,6,337.78,delivered,3,3.0
1371,320,7,2025-08-03,10,431.13,delivered,3,4.0
1372,1119,9,2025-08-05,6,267.56,delivered,2,3.0
1373,334,5,2025-12-20,10,493.45,delivered,1,1.0
1374,1047,8,2025-12-08,5,269.85,delivered,2,2.0
1375,1113,9,2025-12-05,6,315.78,delivered,2,2.0
1376,1063,30,2025-06-08,13,531.1,delivered,2,2.0
1377,975,5,2025-11-08,12,590.79,delivered,2,2.0
1378,694,26,2025-11-19,1,68.68,delivered,2,5.0
1379,484,14,2025-10-10,4,274.62,delivered,1,1.0
1380,320,33,2025-10-17,7,315.78,disputed,1,1.0
1381,317,39,2025-12-08,5,314.56,delivered,1,1.0
1382,625,28,2025-11-13,3,214.13,delivered,1,1.0
1383,225,29,2025-11-11,1,39.09,disputed,2,2.0
1384,771,31,2025-11-15,10,491.77,delivered,1,1.0
1385,974,28,2025-08-24,9,756.08,cancelled,2,
1386,351,35,2025-12-01,10,302.61,delivered,3,3.0
1387,320,10,2025-11-18,3,123.36,delivered,3,3.0
1388,167,27,2025-09-25,8,943.18,delivered,2,2.0
1389,320,33,2025-08-27,9,343.5,delivered,3,3.0
1390,1058,23,2025-06-11,2,94.48,delivered,1,1.0
1391,897,20,2025-08-21,10,519.91,disputed,1,1.0
1392,273,24,2025-07-30,8,282.08,delivered,2,3.0
1393,949,32,2025-12-01,8,487.26,delivered,2,2.0
1394,1147,14,2025-11-28,10,858.62,delivered,2,2.0
1395,561,37,2025-10-02,8,267.75,delivered,1,1.0
1396,280,36,2025-12-08,6,225.36,delivered,2,2.0
1397,923,27,2025-04-27,6,576.33,delivered,1,1.0
1398,298,6,2025-12-01,3,126.74,delivered,1,1.0
1399,141,13,2025-11-17,9,589.47,delivered,1,1.0
1400,151,5,2025-12-14,11,584.94,delivered,1,1.0
1401,320,36,2025-10-29,3,110.73,delivered,3,3.0
1402,445,24,2025-12-24,6,245.37,delivered,1,1.0
1403,103,5,2025-10-09,9,395.96,delivered,1,1.0
1404,316,23,2025-12-17,7,400.11,delivered,1,1.0
1405,471,26,2025-10-20,5,289.29,delivered,1,1.0
1406,919,4,2025-04-18,5,190.08,delivered,2,2.0
1407,310,15,2025-11-30,4,262.11,delivered,3,3.0
1408,824,30,2025-08-29,10,488.59,delivered,2,2.0
1409,59,35,2025-12-14,12,508.7,delivered,2,2.0
1410,873,23,2025-09-05,4,177.04,delivered,3,3.0
1411,550,12,2025-11-26,9,273.67,delivered,3,3.0
1412,819,4,2025-08-21,10,484.01,cancelled,2,
1413,965,12,2025-12-09,7,261.45,delivered,3,4.0
1414,377,3,2025-11-13,7,393.3,disputed,3,3.0
1415,455,38,2025-11-26,3,225.9,delivered,1,1.0
1416,38,37,2025-11-17,1,32.59,delivered,2,2.0
1417,438,12,2025-12-19,9,336.9,delivered,1,1.0
1418,346,24,2025-11-30,8,336.75,delivered,2,2.0
1419,320,2,2025-09-18,6,425.97,disputed,2,2.0
1420,191,32,2025-12-09,12,572.67,delivered,2,2.0
1421,334,38,2025-12-17,1,81.37,delivered,1,1.0
1422,677,14,2025-11-29,6,491.28,delivered,3,3.0
1423,356,9,2025-08-09,4,221.35,delivered,3,3.0
1424,6,18,2025-11-03,4,154.1,cancelled,3,
1425,169,24,2025-12-25,4,133.29,delivered,1,1.0
1426,460,1,2025-11-14,4,188.55,cancelled,3,
1427,151,16,2025-12-24,6,496.06,delivered,3,3.0
1428,1182,23,2025-06-10,8,422.49,delivered,1,1.0
1429,320,7,2025-11-17,1,42.52,disputed,1,1.0
1430,897,14,2025-09-09,5,390.11,delivered,3,3.0
1431,612,1,2025-11-01,2,88.88,delivered,1,1.0
1432,526,26,2025-10-08,4,262.52,delivered,2,2.0
1433,819,12,2025-10-04,5,203.76,delivered,2,2.0
1434,320,23,2025-07-03,9,448.69,delivered,1,1.0
1435,554,23,2025-07-14,7,433.87,delivered,2,2.0
1436,3,37,2025-06-02,11,457.65,delivered,3,3.0
1437,426,23,2025-12-06,2,97.36,disputed,1,1.0
1438,354,30,2025-11-22,4,212.15,delivered,2,2.0
1439,793,20,2025-11-24,5,267.44,delivered,1,1.0
1440,1192,36,2025-10-26,5,163.16,delivered,3,3.0
1441,707,30,2025-12-22,3,153.21,delivered,1,4.0
1442,910,30,2025-10-22,7,336.51,delivered,2,2.0
1443,868,18,2025-05-18,4,149.72,delivered,1,1.0
1444,177,2,2025-11-06,11,868.64,delivered,1,1.0
1445,1102,18,2025-11-06,11,387.29,delivered,3,3.0
1446,969,14,2025-10-22,13,1101.54,delivered,1,1.0
1447,404,29,2025-11-07,9,490.46,delivered,2,4.0
1448,426,5,2025-11-16,1,39.16,delivered,3,3.0
1449,1063,38,2025-09-26,9,543.56,delivered,3,3.0
1450,777,13,2025-11-25,10,862.08,delivered,2,2.0
1451,370,25,2025-11-08,9,580.69,delivered,3,3.0
1452,183,25,2025-11-04,6,495.11,cancelled,1,
1453,236,9,2025-10-04,9,516.44,delivered,2,2.0
1454,64,13,2025-08-13,7,592.68,cancelled,3,
1455,105,12,2025-10-18,1,41.27,delivered,2,2.0
1456,727,23,2025-12-04,3,152.22,cancelled,2,
1457,665,36,2025-10-18,9,378.94,delivered,3,3.0
1458,280,28,2025-09-04,3,242.71,delivered,1,1.0
1459,307,9,2025-11-20,10,577.43,delivered,2,2.0
1460,656,26,2025-12-05,9,631.96,delivered,2,3.0
1461,320,25,2025-11-01,5,361.26,delivered,2,2.0
1462,91,19,2025-12-24,4,261.31,delivered,3,3.0
1463,874,11,2025-11-21,10,454.98,delivered,2,2.0
1464,502,5,2025-09-11,4,173.63,delivered,3,3.0
1465,310,27,2025-10-26,14,1900.01,delivered,3,3.0
1466,384,22,2025-10-26,5,517.54,delivered,3,3.0
1467,843,1,2025-12-27,4,174.17,delivered,3,3.0
1468,966,39,2025-12-29,8,436.31,delivered,3,3.0
1469,320,5,2025-11-21,9,384.76,delivered,1,1.0
1470,262,39,2025-07-05,10,573.87,delivered,1,1.0
1471,865,37,2025-10-16,6,238.15,delivered,1,1.0
1472,910,36,2025-11-02,7,246.48,delivered,3,3.0
1473,230,14,2025-12-16,3,180.91,delivered,1,1.0
1474,771,19,2025-09-26,4,276.98,delivered,3,3.0
1475,819,9,2025-11-29,8,442.71,disputed,1,1.0
1476,320,26,2025-12-14,6,310.67,delivered,1,1.0
1477,438,16,2025-12-27,2,145.53,delivered,2,2.0
1478,201,25,2025-10-09,11,932.17,delivered,3,3.0
1479,20,32,2025-12-06,4,259.73,delivered,2,2.0
1480,35,12,2025-06-11,2,81.7,delivered,3,3.0
1481,28,16,2025-12-04,7,455.56,delivered,1,1.0
1482,240,35,2025-11-28,6,209.22,delivered,3,3.0
1483,109,29,2025-12-04,11,432.91,delivered,3,3.0
1484,484,16,2025-10-28,8,674.71,delivered,2,2.0
1485,707,8,2025-10-17,2,105.54,delivered,2,2.0
1486,952,11,2025-10-09,9,347.37,delivered,1,1.0
1487,320,28,2025-12-04,9,721.85,delivered,3,3.0
1488,694,2,2025-11-10,5,322.05,delivered,3,3.0
1489,502,40,2025-09-11,11,628.15,delivered,2,2.0
1490,320,10,2025-11-05,3,121.17,delivered,3,5.0
1491,888,38,2025-07-24,8,634.36,delivered,2,2.0
1492,739,23,2025-12-09,7,384.32,delivered,2,2.0
1493,1187,16,2025-09-26,9,570.27,delivered,3,3.0
1494,1187,25,2025-11-30,4,250.43,delivered,1,1.0
1495,1049,5,2025-07-20,10,468.14,delivered,1,1.0
1496,240,31,2025-08-30,11,445.74,cancelled,3,
1497,105,21,2025-11-12,8,424.26,delivered,3,3.0
1498,320,16,2025-08-07,9,747.66,delivered,2,4.0
1499,320,27,2025-07-24,8,1077.63,delivered,2,2.0
1500,320,40,2025-10-02,13,873.92,delivered,1,1.0
1501,369,2,2025-08-10,8,621.36,delivered,3,3.0
1502,303,7,2025-11-12,8,343.9,delivered,2,2.0
1503,574,36,2025-09-26,7,327.87,delivered,2,2.0
1504,96,36,2025-12-25,7,270.06,delivered,1,1.0
1505,694,27,2025-07-17,4,476.69,delivered,1,1.0
1506,694,4,2025-12-01,9,454.72,delivered,1,1.0
1507,123,36,2025-11-23,8,297.3,cancelled,2,
1508,456,15,2025-12-26,9,540.57,delivered,3,3.0
1509,849,22,2025-11-09,4,465.83,delivered,2,2.0
1510,1051,11,2025-09-03,8,358.19,delivered,2,2.0
1511,401,11,2025-11-09,9,438.95,delivered,2,2.0
1512,54,1,2025-12-26,2,90.74,delivered,2,2.0
1513,273,25,2025-11-13,12,997.7,delivered,2,2.0
1514,89,10,2025-09-20,2,81.2,delivered,1,1.0
1515,983,6,2025-12-01,6,204.04,delivered,2,2.0
1516,210,5,2025-12-20,7,327.02,delivered,3,3.0
1517,458,29,2025-12-24,10,481.12,delivered,1,1.0
1518,351,15,2025-11-20,7,564.66,delivered,1,1.0
1519,240,6,2025-08-30,6,219.19,delivered,3,3.0
1520,307,16,2025-07-19,7,504.91,delivered,3,3.0
1521,910,20,2025-10-08,6,234.64,delivered,3,3.0
1522,1051,31,2025-08-21,9,359.73,cancelled,2,
1523,903,8,2025-12-28,11,633.82,delivered,3,3.0
1524,1135,33,2025-12-06,9,356.2,delivered,2,2.0
1525,991,12,2025-07-14,6,258.05,delivered,2,2.0
1526,406,18,2025-04-21,12,509.12,delivered,2,2.0
1527,955,6,2025-07-26,9,289.43,delivered,3,3.0
1528,955,39,2025-07-15,7,326.19,delivered,1,1.0
1529,910,23,2025-11-18,11,609.32,delivered,1,1.0
1530,225,10,2025-04-08,1,40.07,delivered,3,4.0
1531,662,2,2025-08-04,8,677.37,delivered,3,3.0
1532,427,17,2025-09-10,1,46.19,delivered,2,2.0
1533,320,38,2025-10-03,10,728.91,delivered,1,1.0
1534,1022,31,2025-09-09,8,374.06,disputed,1,1.0
1535,72,31,2025-09-28,4,197.37,delivered,3,6.0
1536,731,24,2025-12-19,9,382.07,delivered,3,3.0
1537,484,15,2025-10-20,12,718.49,delivered,1,2.0
1538,1199,29,2025-11-23,8,423.78,delivered,3,3.0
1539,404,9,2025-07-14,11,679.6,delivered,3,3.0
1540,146,10,2025-11-10,1,46.9,disputed,1,1.0
1541,370,35,2025-07-14,6,208.64,delivered,3,3.0
1542,931,36,2025-10-05,4,171.07,disputed,2,2.0
1543,619,28,2025-05-31,6,359.54,disputed,2,2.0
1544,429,6,2025-12-11,8,254.44,delivered,3,3.0
1545,773,15,2025-10-03,1,79.24,delivered,3,3.0
1546,941,39,2025-11-23,14,644.35,delivered,2,2.0
1547,459,9,2025-11-11,11,542.18,delivered,1,1.0
1548,746,5,2025-11-20,5,271.02,delivered,1,1.0
1549,1092,15,2025-12-14,8,674.51,delivered,1,1.0
1550,706,25,2025-12-09,2,172.44,delivered,3,3.0
1551,962,29,2025-09-09,3,158.04,delivered,2,2.0
1552,1111,8,2025-08-05,10,534.2,delivered,3,3.0
1553,489,18,2025-11-25,8,278.37,delivered,2,2.0
1554,209,22,2025-11-07,7,848.24,delivered,1,1.0
1555,219,27,2025-10-29,6,802.58,delivered,2,2.0
1556,602,33,2025-12-04,17,649.94,delivered,1,1.0
1557,983,39,2025-12-12,7,438.53,delivered,3,3.0
1558,1142,24,2025-10-10,5,162.6,delivered,3,3.0
1559,537,28,2025-09-17,3,217.28,delivered,2,2.0
1560,53,31,2025-12-23,11,435.99,delivered,2,2.0
1561,1104,6,2025-12-15,8,293.1,delivered,3,3.0
1562,53,18,2025-12-13,7,226.4,delivered,2,2.0
1563,32,23,2025-12-12,1,57.61,delivered,3,3.0
1564,661,24,2025-10-24,11,393.48,delivered,3,3.0
1565,874,18,2025-10-08,9,376.18,delivered,1,1.0
1566,1113,15,2025-12-24,10,852.37,delivered,2,2.0
1567,755,7,2025-10-02,6,194.31,delivered,2,2.0
1568,752,1,2025-07-27,3,102.87,delivered,2,2.0
1569,435,20,2025-09-12,8,342.13,delivered,2,2.0
1570,229,27,2025-10-24,5,502.74,delivered,2,4.0
1571,708,30,2025-09-20,2,101.69,cancelled,3,
1572,969,26,2025-09-01,5,359.73,delivered,3,3.0
1573,64,25,2025-12-05,9,652.56,delivered,2,5.0
1574,64,27,2025-09-01,13,1338.83,cancelled,3,
1575,604,25,2025-07-29,2,169.16,delivered,3,3.0
1576,393,7,2025-11-05,14,615.73,delivered,1,4.0
1577,178,21,2025-09-26,3,126.35,delivered,1,1.0
1578,484,27,2025-08-19,13,1467.7,delivered,3,3.0
1579,320,35,2025-05-19,4,128.22,delivered,1,1.0
1580,874,40,2025-12-20,7,381.38,delivered,3,3.0
1581,369,5,2025-10-10,5,256.2,delivered,2,2.0
1582,1039,3,2025-10-10,1,73.55,delivered,2,2.0
1583,311,6,2025-12-22,2,86.97,delivered,1,1.0
1584,231,29,2025-10-17,6,321.08,delivered,2,2.0
1585,694,4,2025-09-10,8,300.98,delivered,3,3.0
1586,1052,17,2025-12-09,4,152.49,delivered,1,1.0
1587,993,10,2025-10-12,1,41.15,delivered,1,1.0
1588,656,15,2025-07-31,2,156.28,delivered,3,4.0
1589,901,38,2025-11-07,9,685.43,delivered,1,1.0
1590,267,39,2025-11-02,1,57.48,delivered,3,3.0
1591,707,7,2025-12-10,6,263.61,delivered,2,2.0
1592,51,15,2025-11-10,6,377.91,cancelled,1,
1593,676,37,2025-12-15,6,225.62,delivered,2,2.0
1594,195,31,2025-11-23,2,90.8,delivered,2,2.0
1595,1193,2,2025-08-29,6,421.73,cancelled,1,
1596,817,21,2025-07-30,1,40.93,delivered,3,3.0
1597,1186,17,2025-08-09,11,521.23,delivered,2,2.0
1598,11,12,2025-07-24,4,132.94,cancelled,2,
1599,630,12,2025-05-25,6,247.84,delivered,2,2.0
1600,1113,15,2025-12-25,8,585.34,delivered,2,2.0
1601,1092,28,2025-12-09,10,838.32,delivered,1,1.0
1602,1173,21,2025-09-01,6,315.24,delivered,3,3.0
1603,3,21,2025-08-28,11,513.33,delivered,2,2.0
1604,991,32,2025-08-30,10,642.49,delivered,2,2.0
1605,1192,11,2025-07-11,10,432.15,delivered,2,2.0
1606,229,4,2025-12-18,12,505.18,delivered,1,1.0
1607,252,8,2025-11-30,8,509.72,delivered,3,3.0
1608,404,38,2025-06-17,13,1091.5,delivered,2,2.0
1609,552,15,2025-09-29,3,259.95,delivered,1,1.0
1610,62,26,2025-12-20,9,484.21,delivered,2,2.0
1611,863,6,2025-07-28,4,139.89,delivered,2,2.0
1612,35,30,2025-10-13,6,312.96,delivered,1,1.0
1613,1178,22,2025-11-18,8,974.78,delivered,3,3.0
1614,1049,13,2025-09-23,1,70.52,delivered,1,1.0
1615,206,3,2025-08-31,3,217.45,cancelled,1,
1616,920,35,2025-12-05,5,215.03,delivered,3,3.0
1617,96,13,2025-09-16,7,477.72,delivered,1,1.0
1618,436,29,2025-10-17,5,256.9,delivered,1,1.0
1619,563,34,2025-06-18,1,46.52,disputed,1,1.0
1620,144,10,2025-12-14,11,408.5,delivered,1,1.0
1621,720,15,2025-11-15,3,195.52,delivered,1,1.0
1622,370,20,2025-10-27,5,215.03,delivered,2,2.0
1623,3,30,2025-07-23,9,454.22,cancelled,1,
1624,752,19,2025-06-12,2,172.03,delivered,2,3.0
1625,1103,3,2025-03-29,3,165.53,delivered,3,3.0
1626,587,40,2025-11-05,9,461.23,delivered,2,2.0
1627,320,31,2025-08-27,8,372.46,delivered,1,1.0
1628,332,17,2025-11-16,4,199.33,delivered,3,3.0
1629,548,16,2025-12-02,11,773.01,disputed,3,3.0
1630,1184,29,2025-12-05,4,209.0,delivered,1,1.0
1631,406,18,2025-07-01,3,98.13,delivered,1,1.0
1632,708,32,2025-10-16,8,391.71,disputed,1,1.0
1633,752,20,2025-06-20,5,210.8,delivered,2,2.0
1634,694,27,2025-10-12,9,1088.06,delivered,3,5.0
1635,150,9,2025-10-16,7,440.82,cancelled,3,
1636,501,25,2025-11-09,4,293.62,delivered,3,3.0
1637,888,38,2025-09-20,9,658.05,delivered,3,4.0
1638,895,16,2025-11-17,11,822.48,delivered,3,4.0
1639,1063,24,2025-02-17,11,450.75,delivered,2,2.0
1640,320,31,2025-08-31,4,166.94,delivered,3,3.0
1641,1149,30,2025-10-11,11,538.78,delivered,1,4.0
1642,624,6,2025-10-28,8,240.64,delivered,2,2.0
1643,17,14,2025-11-11,7,449.61,delivered,2,2.0
1644,1007,19,2025-09-17,9,756.22,delivered,2,2.0
1645,828,33,2025-08-16,1,36.69,delivered,3,3.0
1646,11,31,2025-06-17,7,375.32,delivered,3,3.0
1647,112,40,2025-08-20,6,339.32,delivered,3,3.0
1648,397,9,2025-10-06,6,302.08,delivered,3,3.0
1649,752,32,2025-10-04,2,113.64,delivered,3,3.0
1650,694,26,2025-05-30,8,456.4,delivered,3,3.0
1651,874,12,2025-09-27,8,267.32,delivered,3,3.0
1652,320,34,2025-12-10,3,142.19,delivered,2,2.0
1653,320,9,2025-07-13,5,243.04,delivered,3,3.0
1654,320,26,2025-05-30,6,377.89,delivered,2,2.0
1655,437,34,2025-12-05,3,131.51,delivered,3,3.0
1656,320,39,2025-11-09,12,577.59,delivered,1,1.0
1657,246,34,2025-10-16,5,255.68,delivered,1,1.0
1658,178,36,2025-09-02,9,298.89,delivered,2,3.0
1659,109,26,2025-12-22,8,526.39,delivered,3,3.0
1660,178,10,2025-10-18,11,384.99,delivered,3,3.0
1661,1029,24,2025-02-21,11,390.34,delivered,3,3.0
1662,240,17,2025-12-24,11,424.95,delivered,2,2.0
1663,140,29,2025-12-13,6,260.43,delivered,1,1.0
1664,625,6,2025-10-16,6,188.0,delivered,1,1.0
1665,824,34,2025-09-05,7,327.83,delivered,1,1.0
1666,1087,14,2025-08-27,5,326.1,cancelled,3,
1667,777,8,2025-12-07,13,791.74,delivered,1,1.0
1668,997,32,2025-09-07,6,389.94,delivered,2,2.0
1669,1049,6,2025-10-23,9,331.18,delivered,2,2.0
1670,354,8,2025-10-16,8,418.25,delivered,1,1.0
1671,887,34,2025-11-11,4,168.43,delivered,2,2.0
1672,892,9,2025-07-15,10,512.82,delivered,2,2.0
1673,502,27,2025-08-01,7,873.16,delivered,1,1.0
1674,552,24,2025-11-28,4,142.91,delivered,1,1.0
1675,320,18,2025-11-14,9,291.48,cancelled,1,
1676,519,40,2025-12-02,9,630.72,delivered,1,1.0
1677,273,31,2025-08-01,4,178.01,delivered,1,1.0
1678,1147,34,2025-11-18,6,278.35,delivered,3,3.0
1679,298,20,2025-11-30,8,304.69,delivered,1,1.0
1680,289,11,2025-12-12,13,591.01,delivered,1,1.0
1681,1104,32,2025-12-19,17,916.17,delivered,1,1.0
1682,1051,29,2025-09-27,7,375.36,delivered,1,1.0
1683,370,17,2025-12-05,8,356.84,delivered,2,2.0
1684,37,36,2025-11-21,8,371.86,delivered,2,2.0
1685,677,14,2025-11-02,10,849.25,delivered,3,3.0
1686,320,10,2025-10-17,5,166.62,delivered,1,1.0
1687,1181,36,2025-10-24,9,344.24,delivered,1,1.0
1688,54,5,2025-07-26,7,346.22,delivered,1,3.0
1689,903,15,2025-12-22,9,721.52,delivered,2,2.0
1690,1004,5,2025-10-31,3,158.49,delivered,1,1.0
1691,670,1,2025-06-27,6,227.49,delivered,2,2.0
1692,1030,6,2025-11-25,1,35.91,delivered,2,2.0
1693,198,13,2025-11-10,8,661.98,cancelled,2,
1694,526,23,2025-07-01,3,181.61,delivered,3,3.0
1695,1092,23,2025-10-28,9,485.94,delivered,1,1.0
1696,897,6,2025-11-14,8,247.33,delivered,1,1.0
1697,5,3,2025-11-27,13,753.58,delivered,2,2.0
1698,1077,29,2025-10-28,6,235.12,delivered,3,3.0
1699,205,21,2025-10-10,4,187.46,cancelled,2,
1700,502,20,2025-10-05,11,484.25,delivered,3,3.0
1701,287,31,2025-12-05,7,280.19,delivered,1,1.0
1702,536,16,2025-08-21,8,477.27,delivered,3,3.0
1703,1098,15,2025-12-11,8,698.4,delivered,3,3.0
1704,426,4,2025-11-23,12,644.79,delivered,2,2.0
1705,443,10,2025-11-19,4,154.29,delivered,2,2.0
1706,312,32,2025-05-26,6,313.98,delivered,2,2.0
1707,5,23,2025-11-01,12,615.6,delivered,1,1.0
1708,1168,31,2025-08-31,10,548.33,delivered,3,3.0
1709,913,17,2025-11-23,6,266.08,delivered,2,2.0
1710,1083,14,2025-09-08,9,739.43,delivered,2,2.0
1711,1093,26,2025-11-19,8,575.96,delivered,3,3.0
1712,1092,17,2025-12-06,6,227.25,delivered,3,3.0
1713,3,34,2025-10-10,9,359.05,delivered,1,1.0
1714,1039,15,2025-09-27,1,87.17,delivered,1,1.0
1715,1077,10,2025-09-27,11,482.91,delivered,2,5.0
1716,694,3,2025-11-28,6,399.69,delivered,2,2.0
1717,777,34,2025-11-07,8,382.26,delivered,1,1.0
1718,1178,27,2025-11-26,7,785.46,cancelled,1,
1719,1049,22,2025-09-18,10,1342.8,delivered,2,2.0
1720,115,36,2025-09-30,8,290.36,disputed,2,2.0
1721,96,5,2025-09-17,9,466.61,disputed,3,3.0
1722,879,35,2025-10-20,9,332.69,delivered,3,3.0
1723,395,29,2025-09-16,1,51.64,delivered,3,3.0
1724,1053,9,2025-09-16,6,350.94,delivered,1,1.0
1725,449,10,2025-08-15,8,335.05,delivered,1,1.0
1726,316,17,2025-12-09,3,134.33,delivered,2,2.0
1727,279,7,2025-10-23,12,469.28,delivered,2,2.0
1728,780,29,2025-09-14,9,345.56,delivered,1,1.0
1729,811,15,2025-09-07,5,327.85,delivered,2,2.0
1730,1184,13,2025-12-14,2,119.44,delivered,3,3.0
1731,320,39,2025-12-20,6,304.94,delivered,1,1.0
1732,945,39,2025-10-06,6,371.0,delivered,3,3.0
1733,54,29,2025-08-05,14,598.17,delivered,2,2.0
1734,941,39,2025-11-16,10,602.91,disputed,2,2.0
1735,975,39,2025-12-11,6,358.98,delivered,1,3.0
1736,54,31,2025-11-05,5,222.59,delivered,2,2.0
1737,728,19,2025-11-16,10,745.71,delivered,1,1.0
1738,306,4,2025-07-16,4,152.47,delivered,2,2.0
1739,991,24,2025-08-06,9,269.42,delivered,1,1.0
1740,68,10,2025-09-11,7,247.9,delivered,1,1.0
1741,774,11,2025-09-13,10,492.24,delivered,1,1.0
1742,485,8,2025-09-24,1,51.35,delivered,3,3.0
1743,934,27,2025-09-27,1,122.15,delivered,3,5.0
1744,54,18,2025-09-02,1,35.02,delivered,1,1.0
1745,320,23,2025-08-26,10,555.24,delivered,1,1.0
1746,590,13,2025-07-12,7,552.15,delivered,2,2.0
1747,858,19,2025-07-27,5,320.41,delivered,1,1.0
1748,406,40,2025-07-06,7,411.17,delivered,2,2.0
1749,354,11,2025-12-11,8,408.65,delivered,2,5.0
1750,1047,15,2025-08-02,7,483.11,delivered,2,2.0
1751,369,1,2025-07-19,11,376.89,delivered,3,3.0
1752,895,5,2025-10-15,7,292.13,delivered,2,2.0
1753,279,29,2025-10-29,9,490.37,disputed,1,1.0
1754,694,14,2025-09-19,2,155.69,delivered,3,3.0
1755,354,3,2025-11-22,12,892.8,delivered,1,1.0
1756,818,39,2025-12-06,9,537.22,delivered,3,3.0
1757,320,32,2025-11-06,9,543.06,delivered,2,2.0
1758,3,17,2025-07-12,1,39.5,delivered,1,3.0
1759,193,24,2025-11-23,9,333.52,cancelled,2,
1760,307,14,2025-12-08,10,600.9,delivered,3,3.0
1761,1063,19,2025-05-21,9,614.2,delivered,2,2.0
1762,320,11,2025-11-14,3,117.4,delivered,1,1.0
1763,1007,37,2025-09-25,4,169.59,delivered,2,2.0
1764,55,17,2025-11-01,11,483.74,delivered,1,1.0
1765,708,25,2025-12-18,8,479.51,delivered,2,2.0
1766,127,28,2025-12-06,2,157.55,delivered,1,1.0
1767,1115,4,2025-09-21,4,194.29,delivered,2,2.0
1768,694,24,2025-08-01,6,196.64,delivered,1,1.0
1769,653,9,2025-12-09,11,598.34,delivered,1,1.0
1770,1102,14,2025-11-28,2,169.73,delivered,2,2.0
1771,575,13,2025-11-04,5,339.67,delivered,1,1.0
1772,106,20,2025-11-30,4,180.71,delivered,1,1.0
1773,320,21,2025-12-04,10,500.65,delivered,1,1.0
1774,789,15,2025-10-27,13,1091.36,delivered,1,1.0
1775,1060,7,2025-10-08,4,149.17,delivered,2,2.0
1776,644,26,2025-10-17,7,476.74,delivered,1,1.0
1777,330,27,2025-08-22,9,1068.59,delivered,2,2.0
1778,903,10,2025-12-19,2,84.49,delivered,3,3.0
1779,172,4,2025-12-05,7,278.34,delivered,1,1.0
1780,1075,2,2025-07-15,11,755.7,delivered,3,3.0
1781,320,33,2025-11-04,12,523.1,delivered,1,1.0
1782,975,26,2025-11-14,10,672.03,delivered,3,3.0
1783,1009,28,2025-10-28,9,615.18,delivered,3,3.0
1784,5,30,2025-10-15,12,581.34,delivered,2,2.0
1785,694,20,2025-09-15,10,475.2,delivered,3,3.0
1786,359,4,2025-07-15,7,290.29,delivered,2,3.0
1787,54,25,2025-03-17,6,409.16,delivered,1,2.0
1788,254,3,2025-08-06,9,537.87,delivered,1,1.0
1789,524,7,2025-11-22,5,215.87,delivered,3,3.0
1790,438,24,2025-12-23,10,343.08,cancelled,1,
1791,975,24,2025-11-03,4,119.86,delivered,1,1.0
1792,300,14,2025-05-29,1,65.88,delivered,1,1.0
1793,944,2,2025-11-12,2,151.62,delivered,3,3.0
1794,320,3,2025-10-21,8,472.04,delivered,1,1.0
1795,938,8,2025-12-17,2,144.34,delivered,1,1.0
1796,581,3,2025-10-01,14,894.99,delivered,1,1.0
1797,1049,21,2025-09-28,8,432.17,delivered,3,3.0
1798,20,26,2025-12-14,6,423.57,delivered,3,6.0
1799,554,27,2025-06-27,5,625.88,delivered,3,3.0
1800,351,9,2025-12-07,10,609.77,delivered,3,3.0
1801,446,14,2025-10-14,9,603.29,delivered,2,2.0
1802,312,17,2025-10-29,13,589.17,delivered,3,3.0
1803,1052,19,2025-05-24,7,447.83,delivered,2,2.0
1804,1018,12,2025-11-09,5,164.49,delivered,1,1.0
1805,141,7,2025-12-20,2,64.75,delivered,3,5.0
1806,903,3,2025-11-21,11,811.16,delivered,1,1.0
1807,135,17,2025-07-30,3,156.9,disputed,3,3.0
1808,509,4,2025-11-27,7,289.48,disputed,2,2.0
1809,455,30,2025-11-26,10,529.53,delivered,2,2.0
1810,320,20,2025-10-12,6,268.74,delivered,1,1.0
1811,674,1,2025-12-21,10,331.43,delivered,2,5.0
1812,1184,22,2025-12-13,2,242.27,delivered,3,3.0
1813,252,33,2025-12-09,1,35.49,delivered,2,2.0
1814,451,1,2025-11-01,5,225.42,delivered,2,2.0
1815,1063,2,2025-09-13,5,398.19,delivered,1,1.0
1816,320,14,2025-11-19,9,584.44,delivered,2,2.0
1817,779,39,2025-12-03,3,182.82,delivered,2,2.0
1818,85,1,2025-07-10,7,299.08,delivered,2,2.0
1819,320,16,2025-11-22,9,775.8,delivered,2,2.0
1820,739,21,2025-12-22,2,94.39,delivered,3,3.0
1821,849,10,2025-12-02,12,529.78,delivered,1,1.0
1822,134,20,2025-10-19,4,200.39,delivered,1,1.0
1823,58,9,2025-10-16,14,731.6,delivered,1,1.0
1824,670,25,2025-10-06,5,306.72,delivered,1,1.0
1825,1063,16,2025-10-14,9,784.89,delivered,2,2.0
1826,320,40,2025-09-20,4,208.86,delivered,3,3.0
1827,96,32,2025-12-17,5,300.1,delivered,2,2.0
1828,18,40,2025-12-22,4,291.0,delivered,2,2.0
1829,1102,2,2025-12-05,5,419.76,delivered,2,2.0
1830,914,12,2025-06-05,1,33.4,delivered,3,3.0
1831,329,17,2025-11-15,6,296.44,delivered,2,2.0
1832,1052,7,2025-11-19,3,127.76,delivered,2,4.0
1833,370,28,2025-07-24,5,405.18,delivered,1,1.0
1834,628,39,2025-10-06,7,374.4,delivered,1,1.0
1835,273,5,2025-09-09,6,237.28,delivered,2,4.0
1836,1,11,2025-11-03,10,434.45,delivered,3,3.0
1837,587,14,2025-12-13,6,506.28,delivered,2,2.0
1838,699,1,2025-12-13,12,438.91,delivered,1,1.0
1839,680,23,2025-12-11,10,581.6,delivered,1,1.0
1840,526,24,2025-08-29,2,65.74,delivered,2,2.0
1841,558,21,2025-09-08,10,408.85,cancelled,3,
1842,757,16,2025-11-01,10,871.35,delivered,3,3.0
1843,681,15,2025-09-14,6,477.92,delivered,3,3.0
1844,665,2,2025-11-05,4,285.37,delivered,1,1.0
1845,1,34,2025-11-13,11,476.98,delivered,2,2.0
1846,498,37,2025-11-29,7,262.05,delivered,3,3.0
1847,526,29,2025-12-03,1,40.15,cancelled,3,
1848,883,33,2025-07-25,2,71.06,delivered,1,1.0
1849,377,15,2025-10-31,9,646.15,delivered,2,4.0
1850,254,29,2025-09-11,12,551.55,cancelled,3,
1851,442,20,2025-11-30,6,236.95,delivered,2,2.0
1852,274,19,2025-10-23,4,292.43,delivered,1,1.0
1853,320,11,2025-09-02,4,164.37,disputed,3,3.0
1854,1007,14,2025-08-20,7,553.11,delivered,1,1.0
1855,600,39,2025-11-16,10,615.95,delivered,1,1.0
1856,1125,13,2025-12-18,10,841.04,delivered,1,1.0
1857,219,30,2025-10-30,7,340.39,delivered,2,2.0
1858,952,39,2025-11-20,9,544.32,delivered,1,1.0
1859,526,5,2025-09-30,6,278.03,delivered,3,3.0
1860,320,38,2025-08-20,12,762.76,delivered,3,3.0
1861,653,2,2025-11-18,8,628.44,delivered,1,1.0
1862,653,2,2025-11-21,8,662.93,delivered,3,3.0
1863,694,7,2025-09-08,14,565.21,delivered,3,4.0
1864,3,32,2025-11-02,9,577.44,delivered,1,1.0
1865,577,40,2025-12-17,8,541.8,delivered,3,4.0
1866,377,1,2025-10-02,10,330.35,delivered,2,2.0
1867,856,2,2025-09-27,8,689.82,cancelled,3,
1868,320,38,2025-10-23,14,1162.35,delivered,2,2.0
1869,151,24,2025-12-11,2,62.55,delivered,1,1.0
1870,419,23,2025-09-26,5,274.68,delivered,1,1.0
1871,653,35,2025-11-05,11,469.14,delivered,2,2.0
1872,35,18,2025-04-26,11,393.29,disputed,1,3.0
1873,619,17,2025-09-24,6,272.93,delivered,1,1.0
1874,800,10,2025-11-13,9,309.38,cancelled,3,
1875,54,35,2025-06-15,7,234.03,delivered,1,1.0
1876,1077,36,2025-12-09,6,283.18,delivered,2,2.0
1877,785,7,2025-08-12,7,309.42,delivered,2,2.0
1878,219,7,2025-09-24,4,144.24,delivered,1,1.0
1879,4,15,2025-11-26,4,262.27,delivered,3,3.0
1880,438,26,2025-12-20,8,560.43,delivered,2,2.0
1881,576,30,2025-10-01,3,146.39,delivered,1,1.0
1882,975,3,2025-11-07,9,613.16,delivered,1,1.0
1883,54,1,2025-10-27,9,406.77,delivered,3,3.0
1884,1049,10,2025-07-15,8,365.2,delivered,2,2.0
1885,789,39,2025-08-21,15,784.34,delivered,1,4.0
1886,1035,4,2025-10-27,7,371.93,delivered,2,2.0
1887,321,12,2025-10-22,1,36.1,delivered,1,1.0
1888,109,4,2025-12-12,8,430.13,delivered,3,3.0
1889,1030,31,2025-07-29,8,421.09,delivered,3,3.0
1890,566,17,2025-12-11,4,170.54,delivered,1,1.0
1891,975,33,2025-12-21,12,405.24,delivered,3,3.0
1892,1182,11,2025-12-02,7,266.31,delivered,2,2.0
1893,694,7,2025-08-05,7,242.5,delivered,1,3.0
1894,320,23,2025-08-25,10,648.41,delivered,2,2.0
1895,658,30,2025-11-30,7,376.23,delivered,1,1.0
1896,484,4,2025-04-15,12,653.02,delivered,1,1.0
1897,406,28,2025-10-25,5,307.97,delivered,2,2.0
1898,320,28,2025-10-02,9,556.05,delivered,2,2.0
1899,789,13,2025-10-05,7,594.06,delivered,3,3.0
1900,1167,12,2025-11-04,4,165.8,delivered,2,5.0
1901,676,28,2025-12-21,6,471.32,delivered,3,3.0
1902,356,35,2025-10-14,1,33.09,disputed,2,2.0
1903,1184,27,2025-12-02,6,568.16,delivered,2,2.0
1904,260,25,2025-10-18,7,468.66,delivered,3,3.0
1905,1117,36,2025-11-08,9,298.1,delivered,3,3.0
1906,888,23,2025-07-13,7,396.17,delivered,2,2.0
1907,895,8,2025-11-15,11,615.83,disputed,1,1.0
1908,969,22,2025-08-23,6,562.8,delivered,1,1.0
1909,1199,19,2025-12-13,14,1219.46,delivered,1,1.0
1910,1049,5,2025-10-22,8,307.63,delivered,1,1.0
1911,273,25,2025-10-03,3,189.83,delivered,1,1.0
1912,53,18,2025-11-30,3,122.2,delivered,3,3.0
1913,653,9,2025-11-13,4,259.66,delivered,2,2.0
1914,1144,20,2025-08-24,5,200.4,delivered,3,3.0
1915,346,15,2025-12-17,9,596.99,delivered,1,1.0
1916,986,14,2025-09-09,4,317.16,delivered,1,1.0
1917,876,21,2025-10-07,6,305.21,delivered,3,3.0
1918,402,32,2025-07-28,4,196.98,delivered,3,3.0
1919,1049,24,2025-08-27,8,284.24,delivered,1,1.0
1920,545,27,2025-11-01,7,761.24,delivered,3,3.0
1921,502,36,2025-06-10,10,465.36,delivered,2,3.0
1922,322,6,2025-11-30,6,239.55,delivered,2,2.0
1923,320,24,2025-08-03,8,301.78,delivered,3,3.0
1924,455,3,2025-10-25,6,398.09,delivered,1,1.0
1925,320,21,2025-10-29,8,309.42,delivered,3,3.0
1926,71,28,2025-10-26,10,687.52,delivered,2,2.0
1927,320,1,2025-07-24,8,359.07,delivered,1,1.0
1928,967,13,2025-08-24,4,264.57,delivered,2,3.0
1929,888,22,2025-07-27,9,1220.52,delivered,2,2.0
1930,1149,37,2025-11-15,7,286.74,delivered,2,2.0
1931,728,19,2025-11-17,9,725.67,cancelled,2,
1932,280,7,2025-09-27,8,273.11,delivered,3,3.0
1933,910,31,2025-11-15,12,538.49,delivered,2,2.0
1934,931,9,2025-05-30,10,548.52,disputed,1,1.0
1935,320,18,2025-07-15,5,225.88,delivered,1,1.0
1936,96,21,2025-09-10,9,454.31,delivered,2,2.0
1937,1113,40,2025-12-24,8,542.65,delivered,1,1.0
1938,619,17,2025-10-01,5,193.07,delivered,2,2.0
1939,168,2,2025-11-14,16,1234.6,delivered,2,2.0
1940,320,5,2025-11-11,3,161.0,delivered,2,2.0
1941,320,7,2025-12-15,10,379.98,delivered,2,2.0
1942,718,32,2025-12-11,7,445.33,delivered,1,1.0
1943,320,31,2025-12-15,6,325.26,delivered,3,3.0
1944,860,23,2025-12-08,10,523.54,delivered,3,3.0
1945,861,29,2025-12-05,4,153.55,delivered,3,3.0
1946,1038,33,2025-12-19,1,46.3,delivered,2,2.0
1947,941,16,2025-08-14,13,1120.2,delivered,1,1.0
1948,151,30,2025-11-13,12,516.67,delivered,1,1.0
1949,320,7,2025-10-12,8,359.35,delivered,1,1.0
1950,777,38,2025-05-05,5,342.27,delivered,2,2.0
1951,619,19,2025-10-01,11,950.24,delivered,3,3.0
1952,320,13,2025-08-17,5,302.56,delivered,3,3.0
1953,89,1,2025-11-17,10,328.47,delivered,3,3.0
1954,717,39,2025-12-22,7,322.77,delivered,3,3.0
1955,458,18,2025-11-01,8,379.59,delivered,1,1.0
1956,54,26,2025-10-09,5,295.26,delivered,2,2.0
1957,509,4,2025-12-15,10,386.6,delivered,3,3.0
1958,819,2,2025-12-17,12,789.46,delivered,1,4.0
1959,296,28,2025-11-23,1,84.85,delivered,3,3.0
1960,343,15,2025-10-12,7,451.33,delivered,2,2.0
1961,459,21,2025-12-16,8,380.1,delivered,2,2.0
1962,273,3,2025-12-02,6,382.03,delivered,1,1.0
1963,1194,6,2025-03-07,2,76.24,delivered,1,1.0
1964,86,24,2025-10-01,11,383.12,disputed,1,1.0
1965,427,9,2025-11-22,7,437.57,delivered,2,2.0
1966,354,1,2025-10-04,6,257.0,delivered,3,3.0
1967,320,21,2025-11-05,3,133.52,delivered,1,1.0
1968,126,14,2025-12-20,13,905.28,delivered,3,3.0
1969,712,6,2025-10-19,3,123.71,delivered,2,2.0
1970,1182,2,2025-11-04,12,990.19,disputed,3,3.0
1971,707,1,2025-11-18,2,78.27,delivered,2,2.0
1972,346,40,2025-11-04,2,113.06,delivered,3,3.0
1973,727,3,2025-12-21,4,298.55,delivered,3,3.0
1974,360,7,2025-12-21,9,357.26,cancelled,1,
1975,1027,35,2025-10-31,6,184.99,delivered,1,1.0
1976,789,1,2025-08-30,6,256.39,cancelled,2,
1977,401,24,2025-08-02,10,350.14,delivered,2,2.0
1978,198,40,2025-11-24,9,606.86,delivered,3,3.0
1979,655,17,2025-09-28,9,444.71,delivered,1,1.0
1980,306,10,2025-04-17,8,318.85,disputed,1,1.0
1981,983,40,2025-12-12,7,437.53,delivered,1,1.0
1982,427,12,2025-12-03,6,248.17,delivered,3,3.0
1983,1049,15,2025-05-05,9,726.21,delivered,2,4.0
1984,653,8,2025-11-10,5,370.51,delivered,3,3.0
1985,777,22,2025-10-31,5,631.25,delivered,2,2.0
1986,151,36,2025-12-20,4,158.29,delivered,1,1.0
1987,754,14,2025-09-06,9,713.35,delivered,2,2.0
1988,320,22,2025-07-29,6,789.03,delivered,1,1.0
1989,320,39,2025-10-25,10,585.55,cancelled,3,
1990,435,37,2025-12-19,1,41.31,delivered,2,2.0
1991,1049,31,2025-11-13,6,306.68,delivered,1,1.0
1992,1004,17,2025-10-11,10,417.31,delivered,2,2.0
1993,584,40,2025-10-28,6,320.6,delivered,3,3.0
1994,611,3,2025-06-19,2,125.14,delivered,1,2.0
1995,158,25,2025-11-12,10,856.25,delivered,3,3.0
1996,1030,37,2025-12-05,9,365.45,delivered,3,3.0
1997,847,6,2025-06-28,6,189.1,delivered,1,1.0
1998,1007,1,2025-10-05,5,165.88,delivered,1,1.0
1999,965,40,2025-12-04,9,595.08,delivered,3,4.0
2000,320,11,2025-12-02,6,299.01,delivered,2,2.0
2001,280,29,2025-08-28,7,288.29,cancelled,3,
2002,406,11,2025-11-25,9,477.43,delivered,1,1.0
2003,1049,7,2025-10-28,10,461.17,delivered,2,2.0
2004,974,25,2025-07-01,2,142.13,delivered,1,1.0
2005,212,26,2025-11-09,6,361.16,delivered,3,3.0
2006,1052,10,2025-09-18,2,72.08,delivered,3,3.0
2007,59,20,2025-08-06,6,243.79,delivered,3,6.0
2008,340,23,2025-10-11,6,368.35,delivered,3,3.0
2009,438,27,2025-11-25,5,568.7,delivered,2,2.0
2010,933,4,2025-09-07,9,452.5,delivered,2,2.0
2011,1111,11,2025-03-29,7,326.63,delivered,3,3.0
2012,706,5,2025-12-29,5,272.59,delivered,3,3.0
2013,694,18,2025-08-11,9,415.96,delivered,1,1.0
2014,423,38,2025-11-04,2,171.71,delivered,1,1.0
2015,1065,16,2025-11-19,10,737.35,delivered,1,1.0
2016,752,37,2025-11-11,11,332.91,delivered,3,3.0
2017,1052,28,2025-08-28,1,80.84,disputed,2,2.0
2018,941,23,2025-10-26,12,633.26,delivered,2,2.0
2019,397,11,2025-11-05,5,218.81,delivered,3,3.0
2020,903,5,2025-12-23,8,379.26,delivered,3,6.0
2021,873,29,2025-06-23,9,344.92,delivered,3,3.0
2022,998,13,2025-11-17,10,778.14,delivered,3,3.0
2023,96,17,2025-09-06,9,486.36,delivered,2,2.0
2024,242,23,2025-11-15,3,191.41,delivered,3,3.0
2025,289,36,2025-09-09,4,133.81,delivered,2,2.0
2026,221,32,2025-12-03,1,51.04,disputed,3,3.0
2027,1046,25,2025-07-29,9,777.53,delivered,3,3.0
2028,484,38,2025-06-10,4,326.61,disputed,2,2.0
2029,681,16,2025-07-17,7,479.72,delivered,2,2.0
2030,560,21,2025-04-20,8,351.46,delivered,2,2.0
2031,694,5,2025-09-26,11,604.47,delivered,3,3.0
2032,238,21,2025-11-21,6,302.66,delivered,1,1.0
2033,612,40,2025-12-20,1,54.31,delivered,2,2.0
2034,526,27,2025-07-02,1,128.16,disputed,3,3.0
2035,104,13,2025-10-25,7,509.78,delivered,2,2.0
2036,212,28,2025-11-09,10,604.24,delivered,1,1.0
2037,458,22,2025-11-20,5,573.8,delivered,1,1.0
2038,1,26,2025-12-10,13,852.31,delivered,3,3.0
2039,707,3,2025-12-13,5,288.36,delivered,2,2.0
2040,1049,20,2025-09-09,11,529.82,delivered,3,5.0
2041,92,40,2025-12-18,7,414.04,delivered,3,3.0
2042,320,29,2025-08-07,7,327.03,delivered,3,3.0
2043,607,34,2025-05-08,12,608.97,disputed,3,3.0
2044,401,26,2025-09-21,7,439.06,delivered,3,3.0
2045,777,33,2025-08-02,10,359.9,delivered,1,1.0
2046,1167,30,2025-10-23,9,339.11,disputed,1,1.0
2047,771,18,2025-10-20,1,36.87,delivered,3,3.0
2048,931,28,2025-07-19,11,754.12,delivered,1,1.0
2049,227,9,2025-12-09,6,332.97,delivered,1,1.0
2050,775,17,2025-12-09,7,336.94,delivered,3,3.0
2051,150,13,2025-09-25,11,785.32,delivered,3,3.0
2052,96,11,2025-11-05,15,564.07,delivered,2,2.0
2053,28,13,2025-11-16,9,628.71,delivered,2,2.0
2054,320,19,2025-11-17,8,622.91,delivered,3,3.0
2055,320,16,2025-12-20,9,572.74,delivered,2,2.0
2056,262,1,2025-10-18,9,425.13,cancelled,3,
2057,694,17,2025-11-25,6,250.41,delivered,1,1.0
2058,320,29,2025-07-23,13,676.87,delivered,3,3.0
2059,96,5,2025-11-09,6,305.46,delivered,1,1.0
2060,376,28,2025-10-02,8,698.28,delivered,3,3.0
2061,320,20,2025-12-15,7,345.5,delivered,1,1.0
2062,96,19,2025-10-29,6,441.58,delivered,2,2.0
2063,1102,27,2025-10-24,14,1697.57,delivered,3,3.0
2064,777,39,2025-06-22,6,338.6,delivered,3,3.0
2065,777,39,2025-09-10,1,58.96,delivered,3,3.0
2066,941,40,2025-10-02,10,598.74,delivered,3,3.0
2067,96,23,2025-11-09,6,376.69,delivered,3,3.0
2068,317,3,2025-11-27,10,670.02,delivered,2,2.0
2069,406,40,2025-10-09,8,537.05,delivered,3,3.0
2070,183,25,2025-07-28,9,564.51,delivered,1,1.0
2071,273,27,2025-09-30,4,433.22,delivered,1,1.0
2072,649,10,2025-12-02,9,388.25,delivered,2,2.0
2073,965,29,2025-12-14,11,504.52,delivered,1,1.0
2074,694,23,2025-06-09,12,653.28,delivered,1,1.0
2075,709,19,2025-09-02,4,248.73,delivered,1,2.0
2076,1047,33,2025-07-03,9,291.38,delivered,3,3.0
2077,379,32,2025-12-08,4,192.37,delivered,2,2.0
2078,406,1,2025-09-30,7,273.01,delivered,2,2.0
2079,1051,5,2025-11-14,9,410.74,delivered,3,3.0
2080,320,40,2025-11-15,11,811.71,delivered,2,2.0
2081,903,22,2025-11-27,11,1504.61,delivered,1,1.0
2082,1063,3,2025-04-28,11,651.1,delivered,1,1.0
2083,145,12,2025-12-16,8,305.28,delivered,1,1.0
2084,445,3,2025-10-08,8,597.67,delivered,1,1.0
2085,954,25,2025-12-25,1,83.72,delivered,1,1.0
2086,310,26,2025-11-28,11,618.12,delivered,1,1.0
2087,758,33,2025-12-26,5,224.27,delivered,3,3.0
2088,945,30,2025-11-23,10,424.88,delivered,3,3.0
2089,1098,31,2025-12-17,8,423.77,delivered,1,1.0
2090,320,35,2025-10-29,1,39.56,delivered,2,2.0
2091,965,30,2025-12-16,5,258.36,delivered,3,3.0
2092,694,26,2025-11-04,10,614.38,delivered,3,3.0
2093,910,36,2025-12-01,4,162.0,delivered,2,2.0
2094,971,22,2025-10-30,5,546.23,delivered,2,2.0
2095,1102,29,2025-11-16,12,569.15,delivered,3,3.0
2096,260,1,2025-10-19,7,232.87,delivered,1,1.0
2097,377,4,2025-08-29,7,323.9,delivered,2,2.0
2098,752,12,2025-08-13,4,133.53,delivered,3,3.0
2099,608,36,2025-10-19,8,269.53,delivered,1,1.0
2100,132,36,2025-12-06,9,313.94,delivered,3,3.0
2101,521,39,2025-11-05,3,169.31,delivered,2,2.0
2102,485,23,2025-10-30,5,301.05,cancelled,1,
2103,501,11,2025-12-16,11,556.91,delivered,1,1.0
2104,456,2,2025-08-10,1,80.62,delivered,1,1.0
2105,1178,37,2025-12-06,6,255.33,delivered,1,1.0
2106,391,4,2025-10-10,5,232.34,delivered,1,1.0
2107,240,10,2025-07-15,10,474.66,delivered,1,1.0
2108,109,16,2025-12-02,10,660.92,delivered,1,1.0
2109,1004,22,2025-06-30,7,669.62,delivered,1,4.0
2110,979,8,2025-10-15,4,213.75,delivered,2,2.0
2111,1035,5,2025-10-30,6,297.18,delivered,2,2.0
2112,484,38,2025-10-24,5,386.15,disputed,1,1.0
2113,619,17,2025-09-17,4,198.77,delivered,3,3.0
2114,283,39,2025-06-08,7,415.94,delivered,1,1.0
2115,438,18,2025-12-03,7,328.12,delivered,1,1.0
2116,320,29,2025-09-07,7,289.24,delivered,1,1.0
2117,575,32,2025-11-22,5,321.3,delivered,2,2.0
2118,406,34,2025-10-22,9,414.79,delivered,2,2.0
2119,549,23,2025-08-27,9,420.18,cancelled,3,
2120,246,38,2025-11-02,13,845.18,delivered,2,2.0
2121,322,13,2025-09-07,5,430.4,delivered,3,3.0
2122,1019,20,2025-07-17,4,207.95,delivered,1,1.0
2123,151,22,2025-11-22,6,704.38,delivered,3,3.0
2124,501,10,2025-09-21,8,340.84,delivered,1,1.0
2125,320,28,2025-09-22,6,519.23,delivered,1,1.0
2126,320,9,2025-09-07,9,562.34,delivered,3,3.0
2127,873,10,2025-08-29,7,326.49,delivered,2,2.0
2128,260,3,2025-11-09,10,697.98,delivered,2,2.0
2129,109,27,2025-12-26,8,1059.27,delivered,3,3.0
2130,320,39,2025-08-13,7,388.18,delivered,3,3.0
2131,1099,18,2025-11-18,13,536.48,delivered,2,4.0
2132,1060,2,2025-12-07,2,123.18,delivered,2,2.0
2133,739,29,2025-12-24,1,43.07,delivered,1,1.0
2134,975,23,2025-11-02,9,517.86,delivered,3,3.0
2135,874,19,2025-11-23,8,517.94,delivered,1,1.0
2136,1004,33,2025-07-02,8,351.86,delivered,2,2.0
2137,96,16,2025-08-25,7,427.58,delivered,3,3.0
2138,11,22,2025-06-11,8,1088.84,delivered,3,3.0
2139,910,40,2025-11-09,7,454.64,delivered,1,1.0
2140,1192,17,2025-09-17,12,612.46,delivered,3,3.0
2141,1154,4,2025-10-09,1,52.55,delivered,2,2.0
2142,526,16,2025-07-22,5,362.93,cancelled,1,
2143,933,29,2025-11-13,4,192.02,delivered,3,3.0
2144,118,34,2025-11-14,6,312.45,delivered,2,2.0
2145,109,31,2025-12-22,2,107.33,delivered,1,1.0
2146,1028,37,2025-10-22,5,194.0,delivered,3,3.0
2147,191,23,2025-10-21,9,543.26,delivered,3,3.0
2148,715,23,2025-11-22,10,634.22,delivered,3,3.0
2149,1077,4,2025-10-17,2,86.67,delivered,1,1.0
2150,438,8,2025-12-20,3,160.56,delivered,3,3.0
2151,1051,39,2025-10-08,8,397.21,delivered,3,3.0
2152,912,6,2025-12-01,4,172.1,delivered,1,1.0
2153,752,36,2025-11-08,4,164.8,delivered,2,2.0
2154,339,39,2025-07-29,10,520.38,delivered,2,2.0
2155,320,28,2025-07-10,4,243.4,delivered,1,1.0
2156,603,21,2025-10-23,9,357.3,delivered,1,1.0
2157,169,39,2025-12-14,11,674.54,delivered,3,3.0
2158,694,3,2025-10-26,7,503.88,delivered,2,2.0
2159,320,35,2025-08-30,11,441.09,delivered,3,3.0
2160,975,6,2025-11-24,12,418.52,delivered,3,3.0
2161,612,15,2025-09-19,6,444.17,delivered,2,2.0
2162,438,21,2025-12-23,11,488.44,delivered,2,2.0
2163,966,15,2025-12-16,10,729.13,delivered,2,2.0
2164,260,19,2025-08-21,7,509.62,delivered,2,2.0
2165,195,2,2025-12-24,9,637.95,delivered,1,1.0
2166,151,27,2025-11-23,8,959.87,delivered,1,1.0
2167,897,9,2025-10-23,7,350.62,delivered,3,3.0
2168,513,26,2025-05-05,2,143.92,delivered,3,3.0
2169,1030,4,2025-08-21,7,363.7,delivered,1,1.0
2170,694,26,2025-07-30,10,683.01,delivered,1,1.0
2171,463,9,2025-10-16,7,435.91,delivered,1,1.0
2172,526,28,2025-11-15,1,83.38,delivered,1,1.0
2173,879,27,2025-09-04,8,922.91,delivered,3,3.0
2174,880,8,2025-09-13,3,183.37,delivered,1,1.0
2175,576,34,2025-09-05,3,157.18,delivered,1,1.0
2176,979,13,2025-11-20,6,437.63,delivered,2,2.0
2177,543,19,2025-09-20,9,778.01,disputed,3,3.0
2178,1149,39,2025-11-24,5,307.53,delivered,3,3.0
2179,699,32,2025-06-07,8,511.44,delivered,1,3.0
2180,503,32,2025-12-18,5,303.04,delivered,3,3.0
2181,1053,38,2025-03-20,5,425.13,delivered,2,2.0
2182,358,19,2025-12-23,5,307.92,delivered,2,2.0
2183,1184,15,2025-12-15,1,69.12,delivered,1,3.0
2184,1,23,2025-11-27,5,274.87,delivered,2,2.0
2185,969,36,2025-09-25,6,269.59,delivered,3,3.0
2186,907,23,2025-11-15,10,615.54,delivered,3,3.0
2187,642,31,2025-12-23,5,206.07,delivered,3,3.0
2188,625,27,2025-12-04,7,893.95,delivered,2,2.0
2189,273,14,2025-09-16,1,60.42,delivered,3,3.0
2190,198,23,2025-11-02,7,414.13,delivered,1,1.0
2191,765,12,2025-11-10,10,377.29,delivered,1,1.0
2192,874,5,2025-11-19,7,352.71,disputed,3,3.0
2193,310,15,2025-12-18,4,254.05,delivered,1,1.0
2194,1085,27,2025-11-15,9,1101.71,delivered,1,1.0
2195,809,37,2025-11-06,4,136.07,delivered,1,1.0
2196,383,3,2025-11-07,4,269.88,delivered,3,3.0
2197,897,39,2025-11-15,10,514.2,delivered,2,2.0
2198,484,35,2025-05-15,11,402.84,delivered,3,3.0
2199,289,23,2025-12-07,5,234.23,delivered,3,3.0
2200,289,15,2025-08-18,2,154.98,cancelled,2,
2201,739,20,2025-12-25,7,268.12,delivered,2,2.0
2202,1160,34,2025-10-06,6,321.85,disputed,1,1.0
2203,303,39,2025-12-01,5,276.89,delivered,2,2.0
2204,969,24,2025-09-14,8,300.2,delivered,1,1.0
2205,587,39,2025-12-14,2,110.89,delivered,1,1.0
2206,336,30,2025-06-09,2,94.03,delivered,3,3.0
2207,873,37,2025-11-27,17,509.87,delivered,1,1.0
2208,315,5,2025-06-01,6,238.82,delivered,2,2.0
2209,876,19,2025-07-21,7,460.93,delivered,1,1.0
2210,952,16,2025-10-21,6,380.22,delivered,1,3.0
2211,771,5,2025-05-23,7,308.71,delivered,3,3.0
2212,511,21,2025-09-19,11,416.69,delivered,3,3.0
2213,501,27,2025-12-11,6,687.09,delivered,3,3.0
2214,84,9,2025-08-23,6,323.07,cancelled,2,
2215,1149,3,2025-12-06,9,538.51,delivered,2,2.0
2216,395,22,2025-11-22,7,783.05,delivered,1,1.0
2217,1102,36,2025-11-11,4,147.14,cancelled,2,
2218,358,24,2025-12-15,4,164.74,delivered,1,1.0
2219,1098,18,2025-12-22,5,215.58,delivered,1,1.0
2220,406,20,2025-10-20,2,105.98,delivered,1,1.0
2221,438,14,2025-12-17,12,956.37,delivered,1,1.0
2222,1193,28,2025-11-19,16,1325.0,delivered,3,3.0
2223,354,7,2025-09-11,5,211.07,delivered,1,4.0
2224,665,32,2025-11-02,6,381.08,delivered,3,3.0
2225,708,4,2025-08-05,10,464.78,cancelled,3,
2226,503,32,2025-12-07,3,152.45,delivered,2,2.0
2227,998,19,2025-10-29,11,927.7,delivered,3,3.0
2228,98,19,2025-09-10,10,817.42,delivered,1,1.0
2229,273,17,2025-08-30,3,118.94,delivered,3,3.0
2230,1113,22,2025-12-09,5,522.95,disputed,2,2.0
2231,1012,22,2025-12-03,2,262.08,delivered,1,1.0
2232,151,1,2025-12-16,8,329.58,delivered,1,1.0
2233,739,12,2025-12-26,12,417.02,delivered,1,4.0
2234,47,15,2025-11-19,8,515.56,delivered,1,1.0
2235,882,2,2025-12-15,8,539.35,delivered,1,1.0
2236,777,14,2025-03-24,3,178.54,delivered,1,1.0
2237,109,13,2025-12-22,10,639.6,delivered,3,3.0
2238,442,9,2025-09-29,9,440.76,delivered,3,3.0
2239,178,7,2025-11-03,7,252.1,delivered,2,2.0
2240,54,14,2025-07-23,7,451.21,disputed,1,1.0
2241,903,10,2025-12-23,5,204.84,delivered,2,2.0
2242,581,25,2025-09-07,13,830.1,delivered,1,1.0
2243,109,39,2025-12-25,11,617.86,delivered,1,1.0
2244,752,38,2025-10-05,5,303.26,delivered,3,3.0
2245,903,19,2025-12-18,9,720.84,delivered,3,3.0
2246,233,18,2025-12-02,11,391.63,delivered,1,1.0
2247,71,9,2025-11-28,7,385.97,delivered,3,3.0
2248,897,25,2025-07-19,10,650.87,delivered,1,1.0
2249,998,29,2025-09-12,6,312.78,delivered,3,3.0
2250,945,40,2025-08-28,8,538.92,delivered,2,2.0
2251,486,19,2025-11-30,8,540.86,delivered,1,1.0
2252,910,33,2025-11-19,12,545.63,delivered,1,1.0
2253,777,25,2025-09-19,8,597.8,delivered,1,1.0
2254,307,31,2025-06-26,9,347.64,delivered,2,2.0
2255,871,11,2025-11-10,2,80.14,delivered,3,3.0
2256,1049,31,2025-10-11,12,592.03,delivered,1,1.0
2257,320,33,2025-11-01,9,348.39,delivered,3,3.0
2258,151,34,2025-12-09,9,380.47,delivered,1,1.0
2259,455,28,2025-11-18,7,508.88,delivered,2,4.0
2260,728,22,2025-10-21,10,1056.42,delivered,3,3.0
2261,219,7,2025-10-14,6,246.29,delivered,3,3.0
2262,719,22,2025-12-13,5,637.21,delivered,1,1.0
2263,983,19,2025-12-15,1,65.97,delivered,3,4.0
2264,132,28,2025-12-06,3,222.88,delivered,2,2.0
2265,1051,9,2025-11-17,6,371.59,delivered,2,2.0
2266,320,26,2025-07-26,4,243.78,delivered,1,1.0
2267,1026,29,2025-11-20,6,314.66,delivered,2,2.0
2268,386,15,2025-08-18,7,584.99,cancelled,1,
2269,5,17,2025-10-20,8,372.26,delivered,3,3.0
2270,971,40,2025-08-12,7,404.44,delivered,1,1.0
2271,526,33,2025-09-29,4,159.14,delivered,2,2.0
2272,1004,28,2025-07-18,14,1064.62,delivered,2,2.0
2273,3,28,2025-09-29,6,485.45,delivered,3,3.0
2274,364,33,2025-08-30,10,434.42,delivered,2,2.0
2275,975,35,2025-12-10,9,388.86,delivered,3,3.0
2276,317,6,2025-12-01,7,245.74,delivered,2,2.0
2277,240,31,2025-09-26,13,619.93,delivered,3,3.0
2278,901,11,2025-10-11,6,270.77,delivered,3,3.0
2279,1186,21,2025-11-16,2,84.41,delivered,1,1.0
2280,54,35,2025-09-25,7,267.37,delivered,3,6.0
2281,710,13,2025-12-21,6,520.85,delivered,1,1.0
2282,694,18,2025-06-14,9,323.22,delivered,1,1.0
2283,183,20,2025-08-05,8,386.66,delivered,1,1.0
2284,64,1,2025-11-22,8,358.01,cancelled,2,
2285,625,22,2025-10-30,4,388.2,disputed,1,1.0
2286,266,26,2025-06-10,2,128.7,delivered,1,1.0
2287,711,26,2025-06-14,2,111.87,delivered,2,2.0
2288,109,10,2025-12-12,15,659.57,delivered,2,4.0
2289,694,17,2025-05-10,8,300.95,disputed,2,2.0
2290,501,9,2025-10-15,6,366.8,delivered,2,2.0
2291,317,26,2025-11-30,8,565.1,delivered,2,2.0
2292,1150,30,2025-12-27,5,210.25,delivered,2,2.0
2293,320,11,2025-10-12,4,202.46,delivered,3,3.0
2294,969,28,2025-11-05,4,286.71,delivered,3,3.0
2295,974,39,2025-10-13,4,210.88,delivered,2,2.0
2296,320,32,2025-09-25,11,642.43,delivered,2,2.0
2297,183,35,2025-11-11,4,171.53,delivered,2,2.0
2298,789,7,2025-03-28,1,39.9,delivered,2,4.0
2299,329,37,2025-11-15,8,308.81,delivered,2,2.0
2300,86,23,2025-09-02,14,902.46,delivered,2,2.0
2301,752,27,2025-09-06,5,573.71,delivered,1,1.0
2302,1154,7,2025-11-21,9,418.72,delivered,3,3.0
2303,252,5,2025-10-07,9,428.38,disputed,2,2.0
2304,587,1,2025-11-26,6,263.49,delivered,2,2.0
2305,404,18,2025-06-08,5,213.22,delivered,1,1.0
2306,395,10,2025-11-23,6,231.35,delivered,2,2.0
2307,393,33,2025-12-05,10,471.75,delivered,3,3.0
2308,320,12,2025-06-06,7,244.82,delivered,1,1.0
2309,260,7,2025-05-11,1,32.71,delivered,2,4.0
2310,874,27,2025-11-16,8,786.06,delivered,2,4.0
2311,884,40,2025-11-06,4,225.7,delivered,3,3.0
2312,377,37,2025-12-10,7,236.98,delivered,2,2.0
2313,754,27,2025-11-15,7,710.49,delivered,1,1.0
2314,766,20,2025-11-22,7,305.18,delivered,1,1.0
2315,35,4,2025-10-24,1,38.29,delivered,1,1.0
2316,201,12,2025-03-03,8,264.8,delivered,2,2.0
2317,777,28,2025-10-22,7,580.02,delivered,2,2.0
2318,354,19,2025-10-14,7,438.28,delivered,2,2.0
2319,1142,14,2025-11-11,8,559.15,delivered,2,2.0
2320,910,26,2025-12-16,5,363.49,delivered,1,1.0
2321,219,33,2025-12-18,4,157.21,delivered,1,2.0
2322,577,29,2025-10-14,6,259.1,delivered,1,1.0
2323,718,27,2025-11-14,11,1081.44,delivered,2,2.0
2324,299,35,2025-11-14,1,37.49,delivered,1,1.0
2325,406,3,2025-08-07,8,583.43,delivered,2,2.0
2326,240,38,2025-06-18,8,525.57,delivered,1,1.0
2327,397,21,2025-11-25,7,327.71,delivered,1,1.0
2328,588,25,2025-10-28,7,429.92,delivered,2,4.0
2329,273,2,2025-11-05,10,712.81,delivered,3,3.0
2330,983,24,2025-12-16,12,504.81,delivered,3,3.0
2331,395,30,2025-11-29,4,153.25,delivered,3,3.0
2332,543,15,2025-10-03,8,575.7,cancelled,1,
2333,169,17,2025-12-23,7,288.61,delivered,3,3.0
2334,777,1,2025-10-27,12,552.99,delivered,1,1.0
2335,370,8,2025-10-05,8,561.11,cancelled,2,
2336,3,32,2025-11-07,4,237.1,delivered,1,1.0
2337,118,11,2025-12-17,10,438.19,delivered,3,4.0
2338,991,20,2025-06-27,12,482.68,delivered,3,3.0
2339,932,6,2025-12-21,5,180.3,delivered,2,2.0
2340,739,15,2025-12-27,10,630.5,delivered,1,1.0
2341,1166,3,2025-08-06,2,112.65,delivered,2,2.0
2342,873,7,2025-06-15,7,311.8,delivered,3,3.0
2343,910,29,2025-10-31,10,453.3,delivered,3,3.0
2344,419,4,2025-12-13,7,286.22,delivered,2,2.0
2345,54,11,2025-10-27,10,436.48,delivered,2,2.0
2346,1030,19,2025-09-29,4,302.2,delivered,3,3.0
2347,89,34,2025-12-01,11,558.64,delivered,2,2.0
2348,64,21,2025-07-22,9,469.7,delivered,2,2.0
2349,211,12,2025-12-03,5,159.2,disputed,2,2.0
2350,96,38,2025-08-29,3,237.12,delivered,1,1.0
2351,1049,32,2025-08-13,9,577.35,delivered,1,1.0
2352,849,22,2025-09-06,9,947.51,delivered,1,1.0
2353,814,17,2025-09-26,8,400.65,delivered,3,3.0
2354,882,24,2025-11-13,4,165.34,delivered,2,2.0
2355,752,29,2025-07-14,3,133.74,delivered,2,2.0
2356,11,23,2025-08-15,6,298.88,delivered,2,2.0
2357,320,29,2025-09-14,7,261.82,delivered,1,1.0
2358,903,26,2025-12-17,7,362.02,delivered,2,2.0
2359,699,6,2025-08-10,4,158.1,delivered,1,1.0
2360,665,15,2025-11-12,13,879.34,delivered,3,6.0
2361,291,13,2025-12-02,1,72.35,delivered,2,2.0
2362,677,22,2025-11-19,6,811.07,delivered,1,1.0
2363,320,25,2025-09-26,5,339.57,delivered,2,2.0
2364,1152,13,2025-09-06,4,242.38,delivered,3,3.0
2365,240,12,2025-06-18,5,215.41,delivered,1,1.0
2366,874,2,2025-12-13,8,686.86,delivered,2,2.0
2367,1093,30,2025-12-02,1,43.78,delivered,3,6.0
2368,701,23,2025-10-21,1,62.31,delivered,1,1.0
2369,786,5,2025-10-19,3,115.54,delivered,2,2.0
2370,1142,37,2025-11-10,11,444.1,delivered,1,1.0
2371,897,8,2025-09-09,5,304.92,delivered,3,3.0
2372,240,2,2025-06-13,4,246.12,delivered,1,1.0
2373,376,14,2025-10-17,7,465.78,delivered,1,1.0
2374,1155,8,2025-11-27,4,278.28,delivered,1,1.0
2375,543,39,2025-11-03,5,281.48,delivered,1,1.0
2376,665,10,2025-11-04,8,289.3,cancelled,1,
2377,434,31,2025-12-23,1,40.11,delivered,2,2.0
2378,777,25,2025-07-21,11,908.89,delivered,2,2.0
2379,843,22,2025-12-06,4,376.3,delivered,1,1.0
2380,86,31,2025-11-03,8,325.24,cancelled,1,
2381,52,36,2025-11-29,5,190.01,delivered,2,2.0
2382,1095,29,2025-12-21,10,453.84,delivered,3,3.0
2383,522,12,2025-11-02,8,298.3,delivered,2,2.0
2384,828,19,2025-11-01,6,358.07,delivered,2,2.0
2385,340,28,2025-12-07,6,381.25,disputed,2,2.0
2386,611,25,2025-10-17,4,281.75,delivered,2,5.0
2387,395,38,2025-09-12,9,633.35,delivered,1,1.0
2388,858,34,2025-07-30,7,282.77,delivered,3,3.0
2389,123,9,2025-09-23,6,327.7,delivered,3,4.0
2390,481,27,2025-12-18,5,670.07,delivered,1,1.0
2391,109,11,2025-12-15,4,172.82,delivered,2,2.0
2392,183,31,2025-07-24,9,435.4,delivered,2,2.0
2393,54,8,2025-07-04,6,371.62,delivered,3,3.0
2394,339,30,2025-07-15,3,132.09,delivered,3,3.0
2395,898,21,2025-09-26,4,219.4,delivered,2,2.0
2396,134,4,2025-10-05,1,39.08,delivered,1,1.0
2397,484,23,2025-06-10,2,112.53,delivered,2,2.0
2398,213,20,2025-11-15,5,207.9,delivered,3,3.0
2399,399,21,2025-10-20,4,216.13,delivered,2,2.0
2400,517,2,2025-11-19,2,144.57,delivered,3,6.0
2401,20,15,2025-12-07,14,1066.59,delivered,1,1.0
2402,482,21,2025-11-25,7,338.56,delivered,1,1.0
2403,903,36,2025-12-23,8,261.39,cancelled,3,
2404,1154,36,2025-11-02,5,222.42,delivered,1,1.0
2405,694,6,2025-08-31,10,421.41,cancelled,3,
2406,1178,17,2025-12-14,5,192.34,delivered,1,1.0
2407,118,33,2025-12-10,7,226.42,delivered,2,2.0
2408,1026,8,2025-12-15,5,260.74,delivered,2,2.0
2409,542,4,2025-03-18,7,303.19,disputed,2,2.0
2410,694,23,2025-08-11,9,514.54,delivered,3,3.0
2411,278,22,2025-11-07,4,523.59,delivered,1,1.0
2412,320,27,2025-10-19,7,782.7,delivered,3,3.0
2413,298,31,2025-12-20,2,105.16,delivered,3,3.0
2414,895,36,2025-10-06,8,292.07,delivered,2,5.0
2415,96,31,2025-07-21,8,400.24,delivered,1,1.0
2416,910,30,2025-11-25,10,524.46,cancelled,1,
2417,1165,40,2025-12-13,8,456.8,delivered,1,1.0
2418,5,29,2025-11-19,5,249.9,delivered,2,2.0
2419,1182,29,2025-11-06,7,266.04,delivered,3,3.0
2420,694,25,2025-08-07,4,316.72,delivered,1,1.0
2421,814,29,2025-07-20,8,430.54,cancelled,1,
2422,406,18,2025-07-01,3,112.0,delivered,2,2.0
2423,884,22,2025-10-29,4,475.99,delivered,2,2.0
2424,401,33,2025-06-20,9,331.72,delivered,1,1.0
2425,231,23,2025-10-06,5,257.44,delivered,3,3.0
2426,85,17,2025-11-29,7,322.32,delivered,1,1.0
2427,576,27,2025-08-29,15,1444.48,delivered,3,3.0
2428,278,6,2025-10-31,8,315.54,delivered,3,4.0
2429,1037,5,2025-11-06,2,80.0,delivered,2,2.0
2430,340,14,2025-11-27,2,129.65,delivered,3,3.0
2431,649,27,2025-07-29,7,901.79,delivered,3,3.0
2432,320,24,2025-11-17,7,235.1,delivered,3,3.0
2433,387,8,2025-06-11,8,410.11,delivered,2,2.0
2434,842,8,2025-04-13,7,524.31,delivered,2,2.0
2435,191,21,2025-10-12,5,187.36,disputed,1,1.0
2436,629,14,2025-12-08,6,406.52,disputed,2,2.0
2437,376,24,2025-07-20,10,350.98,delivered,1,1.0
2438,5,6,2025-09-06,7,211.17,delivered,3,3.0
2439,681,22,2025-08-24,5,477.42,delivered,1,1.0
2440,404,26,2025-03-25,6,367.28,delivered,3,3.0
2441,452,22,2025-12-01,2,187.12,delivered,3,3.0
2442,138,21,2025-09-15,3,114.14,delivered,3,3.0
2443,322,1,2025-10-02,7,268.85,delivered,2,2.0
2444,31,29,2025-08-22,1,48.41,delivered,3,6.0
2445,320,36,2025-10-09,8,379.23,delivered,2,2.0
2446,1008,26,2025-12-16,8,430.33,delivered,3,3.0
2447,484,3,2025-07-25,10,546.75,delivered,2,2.0
2448,456,34,2025-09-17,9,479.21,delivered,2,4.0
2449,298,8,2025-12-21,3,169.59,delivered,3,3.0
2450,1192,16,2025-12-04,14,978.69,delivered,2,2.0
2451,320,12,2025-10-05,11,451.84,delivered,3,3.0
2452,931,15,2025-11-13,2,143.95,delivered,1,1.0
2453,427,26,2025-11-01,2,116.78,delivered,1,1.0
2454,20,24,2025-11-28,6,187.41,delivered,3,3.0
2455,50,2,2025-08-31,5,432.57,delivered,3,3.0
2456,702,17,2025-07-22,8,368.94,delivered,2,2.0
2457,506,24,2025-11-11,7,231.41,delivered,2,2.0
2458,1035,25,2025-06-19,8,506.69,delivered,3,3.0
2459,486,11,2025-12-11,6,259.78,delivered,1,1.0
2460,833,25,2025-12-15,1,75.07,delivered,2,2.0
2461,320,15,2025-09-27,7,522.06,delivered,2,2.0
2462,182,13,2025-12-11,7,573.74,delivered,3,3.0
2463,745,39,2025-12-24,6,293.87,delivered,3,3.0
2464,554,38,2025-07-29,15,1063.95,delivered,2,2.0
2465,545,18,2025-09-09,7,279.67,delivered,1,1.0
2466,1035,2,2025-07-28,14,973.34,delivered,2,5.0
2467,1178,8,2025-12-01,8,457.85,delivered,1,1.0
2468,1186,11,2025-07-20,5,227.76,disputed,1,1.0
2469,320,10,2025-11-02,4,163.19,disputed,1,1.0
2470,694,27,2025-08-05,7,676.34,delivered,2,2.0
2471,506,39,2025-11-13,7,388.96,delivered,2,2.0
2472,356,2,2025-09-09,4,263.88,delivered,3,3.0
2473,320,39,2025-11-26,7,419.0,delivered,3,3.0
2474,625,40,2025-12-01,6,336.51,delivered,2,3.0
2475,8,14,2025-10-26,10,616.62,delivered,3,3.0
2476,985,28,2025-08-01,8,527.16,delivered,1,1.0
2477,216,12,2025-08-12,7,295.29,cancelled,1,
2478,998,36,2025-08-10,6,217.19,delivered,2,2.0
2479,1004,17,2025-08-29,10,429.63,delivered,1,1.0
2480,370,5,2025-12-11,5,213.73,delivered,1,1.0
2481,694,10,2025-08-19,10,332.37,delivered,3,3.0
2482,1146,35,2025-10-21,8,281.84,delivered,3,3.0
2483,289,16,2025-08-23,9,786.53,delivered,1,1.0
2484,320,35,2025-07-05,1,43.02,delivered,3,3.0
2485,910,2,2025-10-24,7,497.11,delivered,1,1.0
2486,5,31,2025-11-28,10,458.52,disputed,1,1.0
2487,501,5,2025-10-17,6,283.56,delivered,3,3.0
2488,637,17,2025-10-21,5,187.42,delivered,1,1.0
2489,966,34,2025-11-26,13,556.57,delivered,3,3.0
2490,24,2,2025-09-02,4,276.44,delivered,2,2.0
2491,777,1,2025-11-07,10,364.39,delivered,1,1.0
2492,600,27,2025-10-21,9,1053.92,delivered,3,3.0
2493,587,24,2025-11-15,2,65.32,cancelled,2,
2494,1019,15,2025-08-27,10,698.81,delivered,2,2.0
2495,644,34,2025-09-30,4,179.42,delivered,3,3.0
2496,798,32,2025-07-26,11,556.34,delivered,3,3.0
2497,439,16,2025-12-07,5,316.91,delivered,1,1.0
2498,320,40,2025-10-14,7,494.58,delivered,2,2.0
2499,96,29,2025-05-27,5,211.97,delivered,2,2.0
2500,666,27,2025-12-29,10,1164.87,delivered,3,3.0
2501,71,39,2025-10-10,7,389.08,delivered,3,3.0
2502,858,31,2025-10-31,11,524.85,delivered,1,1.0
2503,262,24,2025-10-24,10,378.34,delivered,2,2.0
2504,54,21,2025-12-10,8,359.88,delivered,3,3.0
2505,357,31,2025-12-11,14,661.59,delivered,3,3.0
2506,653,39,2025-10-13,8,493.39,disputed,3,3.0
2507,150,37,2025-10-04,9,347.65,delivered,1,1.0
2508,169,31,2025-11-27,7,351.2,delivered,3,3.0
2509,96,40,2025-09-24,10,562.6,delivered,2,4.0
2510,320,5,2025-07-18,7,383.45,delivered,2,3.0
2511,897,3,2025-12-16,7,380.02,delivered,3,5.0
2512,107,13,2025-11-17,8,618.66,delivered,2,2.0
2513,554,26,2025-12-01,6,393.0,delivered,2,2.0
2514,824,38,2025-08-11,7,452.61,delivered,1,1.0
2515,195,33,2025-12-06,7,233.39,delivered,1,1.0
2516,89,4,2025-09-17,12,483.57,delivered,3,3.0
2517,1085,20,2025-12-09,7,376.26,delivered,3,3.0
2518,1026,7,2025-12-17,8,359.31,delivered,1,1.0
2519,48,2,2025-11-23,9,547.46,delivered,3,3.0
2520,1028,28,2025-11-23,5,388.29,delivered,3,3.0
2521,320,30,2025-12-01,12,506.32,delivered,1,1.0
2522,653,13,2025-12-21,10,766.91,delivered,3,3.0
2523,897,16,2025-09-10,4,284.99,delivered,3,3.0
2524,1184,21,2025-12-09,4,204.31,delivered,1,1.0
2525,829,20,2025-11-07,4,207.65,delivered,1,1.0
2526,1039,27,2025-09-25,7,911.97,delivered,2,2.0
2527,581,20,2025-08-29,8,379.07,delivered,3,3.0
2528,314,38,2025-10-22,7,477.34,delivered,1,1.0
2529,492,20,2025-09-08,6,239.5,delivered,2,5.0
2530,89,14,2025-07-27,1,82.69,delivered,3,3.0
2531,320,22,2025-08-21,3,391.38,delivered,2,2.0
2532,754,14,2025-10-12,8,478.14,delivered,1,1.0
2533,104,11,2025-10-17,5,256.8,delivered,2,2.0
2534,874,14,2025-12-27,6,366.82,cancelled,2,
2535,534,14,2025-11-21,6,490.87,delivered,1,1.0
2536,526,10,2025-08-30,1,40.84,delivered,2,2.0
2537,941,37,2025-10-11,6,192.77,delivered,1,1.0
2538,1184,23,2025-12-16,4,193.12,delivered,2,2.0
2539,317,27,2025-11-06,8,949.8,delivered,2,3.0
2540,1031,29,2025-12-15,8,355.47,delivered,3,3.0
2541,358,18,2025-11-27,4,144.46,delivered,3,3.0
2542,874,39,2025-11-19,5,324.38,delivered,2,2.0
2543,732,19,2025-11-18,7,477.84,delivered,2,2.0
2544,54,28,2025-10-21,10,709.61,delivered,1,1.0
2545,1030,6,2025-10-29,6,200.13,delivered,1,1.0
2546,1115,29,2025-10-05,3,135.15,delivered,3,3.0
2547,320,22,2025-11-25,3,379.04,delivered,2,2.0
2548,198,3,2025-12-30,9,465.3,delivered,2,2.0
2549,1004,14,2025-11-19,8,536.49,delivered,1,1.0
2550,1106,4,2025-08-26,1,49.3,delivered,2,2.0
2551,320,19,2025-11-03,9,596.78,delivered,3,3.0
2552,1040,10,2025-12-12,7,316.09,delivered,3,3.0
2553,617,23,2025-10-17,4,219.53,delivered,2,2.0
2554,623,5,2025-06-01,6,228.39,delivered,3,3.0
2555,95,2,2025-12-05,1,62.0,delivered,1,1.0
2556,789,9,2025-04-25,11,491.46,delivered,2,2.0
2557,1178,7,2025-12-10,5,233.06,delivered,3,3.0
2558,207,2,2025-07-07,3,229.88,delivered,3,3.0
2559,358,10,2025-12-10,5,187.99,delivered,1,1.0
2560,941,31,2025-12-17,6,326.68,delivered,1,1.0
2561,101,25,2025-08-31,11,872.84,disputed,3,3.0
2562,280,37,2025-08-30,4,169.77,delivered,2,2.0
2563,5,11,2025-09-27,12,519.46,delivered,2,2.0
2564,173,11,2025-12-26,6,244.53,delivered,1,1.0
2565,189,38,2025-10-26,2,124.27,disputed,2,2.0
2566,320,34,2025-10-02,7,327.45,delivered,1,1.0
2567,85,19,2025-12-03,5,414.62,delivered,2,2.0
2568,1004,15,2025-10-22,8,607.89,delivered,2,2.0
2569,836,11,2025-11-23,3,129.37,delivered,3,3.0
2570,777,11,2025-10-21,10,547.85,delivered,1,1.0
2571,296,19,2025-09-02,2,162.46,delivered,3,3.0
2572,967,7,2025-08-04,5,175.06,delivered,1,4.0
2573,706,24,2025-12-25,6,241.36,delivered,1,3.0
2574,201,33,2025-10-30,7,283.69,delivered,3,3.0
2575,458,22,2025-11-22,5,591.54,delivered,2,2.0
2576,5,15,2025-06-13,11,680.47,delivered,1,1.0
2577,5,1,2025-07-07,2,78.49,cancelled,2,
2578,632,35,2025-12-02,6,240.21,delivered,1,1.0
2579,3,22,2025-08-11,2,192.57,delivered,3,3.0
2580,1004,5,2025-08-28,8,375.56,delivered,1,1.0
2581,28,15,2025-09-24,8,627.11,delivered,2,5.0
2582,1063,13,2025-07-04,2,136.26,delivered,3,3.0
2583,1077,18,2025-10-03,7,310.63,delivered,2,2.0
2584,554,33,2025-09-02,7,310.54,delivered,3,3.0
2585,880,40,2025-07-16,2,102.47,delivered,2,2.0
2586,739,4,2025-12-29,5,226.06,delivered,3,3.0
2587,1035,2,2025-10-12,14,893.04,delivered,3,4.0
2588,836,26,2025-11-02,1,69.93,delivered,3,3.0
2589,833,32,2025-12-11,13,784.4,delivered,2,5.0
2590,777,11,2025-05-13,5,229.49,delivered,2,3.0
2591,320,6,2025-10-27,1,31.41,delivered,2,2.0
2592,752,15,2025-08-07,1,73.53,cancelled,1,
2593,320,1,2025-11-15,9,310.8,delivered,2,2.0
2594,874,3,2025-11-17,9,501.0,delivered,2,2.0
2595,183,11,2025-09-13,12,577.18,delivered,2,2.0
2596,340,35,2025-09-05,8,325.64,delivered,1,1.0
2597,281,7,2025-07-11,8,259.03,delivered,3,3.0
2598,694,30,2025-09-16,7,363.74,delivered,1,1.0
2599,395,5,2025-10-31,5,274.37,delivered,3,3.0
2600,615,31,2025-12-14,3,126.96,delivered,1,1.0
2601,198,11,2025-12-16,7,373.26,delivered,1,1.0
2602,576,4,2025-11-12,10,537.85,delivered,2,2.0
2603,897,35,2025-11-16,5,205.52,delivered,2,2.0
2604,694,33,2025-09-15,5,196.23,delivered,3,3.0
2605,502,11,2025-07-04,7,278.45,delivered,1,1.0
2606,1063,2,2025-10-18,5,309.62,delivered,3,3.0
2607,377,31,2025-09-26,2,89.33,delivered,1,1.0
2608,581,2,2025-04-30,12,856.1,delivered,1,1.0
2609,1007,2,2025-11-11,9,698.37,delivered,3,4.0
2610,240,11,2025-11-01,6,259.62,delivered,3,3.0
2611,109,23,2025-12-20,12,566.21,delivered,3,3.0
2612,554,2,2025-12-09,6,410.59,disputed,1,1.0
2613,694,24,2025-07-23,9,322.61,delivered,1,1.0
2614,1187,26,2025-11-18,14,723.05,delivered,2,2.0
2615,612,1,2025-11-11,1,33.76,delivered,1,1.0
2616,708,16,2025-09-12,7,577.6,delivered,1,4.0
2617,1169,39,2025-12-21,8,426.56,delivered,2,3.0
2618,811,2,2025-07-01,1,78.13,delivered,2,2.0
2619,1178,22,2025-12-16,9,1228.66,delivered,3,3.0
2620,212,2,2025-11-30,5,426.56,delivered,3,3.0
2621,280,23,2025-09-30,12,700.13,disputed,1,1.0
2622,694,8,2025-09-03,3,208.19,delivered,3,4.0
2623,526,5,2025-10-23,2,99.89,cancelled,1,
2624,933,6,2025-10-19,1,43.24,delivered,1,2.0
2625,718,33,2025-10-28,9,418.82,delivered,2,2.0
2626,798,14,2025-11-11,9,605.31,delivered,1,1.0
2627,1063,19,2025-11-28,11,918.63,delivered,2,2.0
2628,1076,13,2025-11-16,1,60.35,delivered,2,4.0
2629,1142,7,2025-09-13,10,354.41,delivered,2,2.0
2630,1193,14,2025-10-07,2,154.55,delivered,3,3.0
2631,456,19,2025-09-08,8,685.92,delivered,1,1.0
2632,32,39,2025-11-03,10,459.37,delivered,1,1.0
2633,283,39,2025-12-12,8,365.76,delivered,2,2.0
2634,1030,20,2025-10-26,14,706.6,delivered,3,3.0
2635,617,20,2025-08-17,12,531.69,delivered,1,1.0
2636,879,37,2025-10-01,7,287.4,delivered,2,2.0
2637,1077,38,2025-12-10,8,663.08,delivered,3,3.0
2638,762,23,2025-08-07,9,492.36,delivered,2,2.0
2639,402,11,2025-05-04,10,438.48,delivered,1,1.0
2640,1154,29,2025-10-13,6,232.54,disputed,1,1.0
2641,395,9,2025-10-11,4,246.6,delivered,2,4.0
2642,54,17,2025-07-04,8,394.86,delivered,2,2.0
2643,1187,33,2025-11-20,9,418.21,cancelled,1,
2644,1182,39,2025-08-29,3,188.64,delivered,3,3.0
2645,1125,25,2025-12-01,6,374.74,delivered,1,2.0
2646,52,6,2025-10-07,1,40.16,cancelled,1,
2647,897,13,2025-11-08,14,941.05,cancelled,3,
2648,1182,2,2025-10-23,6,522.49,delivered,3,3.0
2649,150,36,2025-09-03,7,309.57,delivered,2,2.0
2650,356,19,2025-09-10,6,504.03,delivered,1,2.0
2651,897,20,2025-10-26,9,349.44,delivered,2,2.0
2652,279,1,2025-06-23,6,259.46,delivered,1,1.0
2653,335,27,2025-11-11,1,128.32,delivered,2,4.0
2654,438,28,2025-12-19,8,611.15,cancelled,1,
2655,60,10,2025-09-30,10,433.59,delivered,2,2.0
2656,320,4,2025-09-04,4,177.56,disputed,2,2.0
2657,320,12,2025-11-13,8,254.91,delivered,1,1.0
2658,752,8,2025-11-30,4,270.65,delivered,2,2.0
2659,1083,5,2025-05-31,7,328.24,delivered,2,2.0
2660,539,22,2025-09-12,4,490.43,delivered,3,3.0
2661,41,34,2025-11-14,5,217.8,delivered,3,3.0
2662,501,40,2025-12-04,8,574.26,delivered,1,1.0
2663,1184,40,2025-12-18,1,51.07,delivered,2,2.0
2664,37,10,2025-11-03,5,163.57,delivered,3,3.0
2665,975,35,2025-12-08,7,258.9,delivered,3,3.0
2666,694,22,2025-07-14,8,907.82,delivered,3,3.0
2667,426,15,2025-12-13,9,609.32,delivered,2,5.0
2668,455,31,2025-12-09,8,408.78,delivered,1,1.0
2669,501,12,2025-11-29,3,111.01,delivered,3,5.0
2670,320,39,2025-10-05,7,407.92,delivered,3,4.0
2671,680,26,2025-11-17,7,515.08,delivered,2,2.0
2672,485,24,2025-11-06,2,65.72,delivered,2,2.0
2673,895,31,2025-09-17,8,334.25,delivered,3,4.0
2674,320,2,2025-11-19,11,691.01,delivered,3,3.0
2675,354,26,2025-11-03,7,484.38,delivered,3,3.0
2676,910,28,2025-09-15,7,518.76,delivered,3,3.0
2677,296,16,2025-06-17,8,678.31,delivered,1,4.0
2678,151,30,2025-11-22,6,254.04,delivered,1,1.0
2679,273,8,2025-08-14,15,986.43,delivered,2,2.0
2680,64,26,2025-06-19,9,596.73,delivered,3,3.0
2681,965,33,2025-12-19,10,473.35,delivered,1,1.0
2682,291,9,2025-11-11,9,550.79,delivered,1,1.0
2683,931,17,2025-04-24,9,435.88,delivered,1,1.0
2684,752,34,2025-10-29,1,38.65,delivered,3,3.0
2685,1187,12,2025-10-14,1,39.1,delivered,1,1.0
2686,320,18,2025-10-06,9,364.76,cancelled,3,
2687,957,25,2025-09-16,3,212.66,delivered,1,1.0
2688,443,23,2025-09-22,5,243.13,delivered,1,1.0
2689,805,30,2025-12-15,12,509.73,delivered,3,3.0
2690,587,28,2025-11-22,3,231.76,delivered,3,3.0
2691,320,13,2025-09-04,10,866.43,delivered,1,1.0
2692,970,12,2025-10-18,8,294.21,cancelled,2,
2693,178,12,2025-10-24,2,71.53,delivered,1,1.0
2694,442,23,2025-11-26,4,187.12,delivered,1,1.0
2695,1198,17,2025-10-12,1,51.27,delivered,1,1.0
2696,967,2,2025-08-06,1,73.85,cancelled,1,
2697,320,33,2025-12-02,10,433.63,delivered,3,3.0
2698,502,37,2025-09-06,3,120.22,delivered,2,2.0
2699,273,24,2025-09-15,6,243.45,delivered,3,3.0
2700,104,26,2025-11-11,6,431.78,delivered,3,3.0
2701,1142,17,2025-08-28,9,441.37,cancelled,1,
2702,128,5,2025-06-23,2,90.72,delivered,2,2.0
2703,998,17,2025-10-02,8,387.09,delivered,1,1.0
2704,334,28,2025-12-16,9,596.36,delivered,2,2.0
2705,320,31,2025-12-19,9,445.19,delivered,2,2.0
2706,1077,12,2025-10-11,4,167.95,delivered,1,1.0
2707,320,11,2025-08-24,5,233.86,cancelled,2,
2708,543,23,2025-12-11,6,364.08,delivered,1,1.0
2709,1098,23,2025-11-30,6,314.26,delivered,2,2.0
2710,1050,26,2025-09-05,7,473.46,delivered,2,2.0
2711,1184,8,2025-11-28,4,265.19,delivered,2,2.0
2712,945,9,2025-11-25,9,554.91,delivered,2,2.0
2713,388,27,2025-08-31,6,743.0,disputed,1,3.0
2714,653,11,2025-10-15,1,37.83,delivered,2,2.0
2715,715,30,2025-09-17,6,258.71,delivered,2,2.0
2716,320,9,2025-12-02,3,166.3,delivered,3,3.0
2717,502,25,2025-08-13,2,123.52,delivered,1,1.0
2718,280,18,2025-10-06,4,151.11,delivered,3,3.0
2719,273,33,2025-11-27,16,716.53,delivered,2,5.0
2720,1004,23,2025-08-20,9,457.96,delivered,1,1.0
2721,501,10,2025-10-20,12,441.51,delivered,3,3.0
2722,73,12,2025-11-11,4,136.83,delivered,3,3.0
2723,694,34,2025-06-23,7,369.56,delivered,2,2.0
2724,406,10,2025-06-18,11,389.65,delivered,3,3.0
2725,168,39,2025-11-08,9,449.31,delivered,3,3.0
2726,1109,36,2025-10-27,7,246.87,delivered,3,3.0
2727,240,1,2025-12-02,9,391.87,delivered,1,1.0
2728,638,13,2025-12-01,5,298.14,delivered,2,2.0
2729,143,1,2025-05-11,2,94.98,delivered,2,2.0
2730,544,12,2025-09-25,8,342.99,cancelled,3,
2731,517,7,2025-06-29,5,213.02,delivered,3,3.0
2732,888,21,2025-08-27,9,487.52,delivered,1,1.0
2733,418,9,2025-11-14,1,54.92,delivered,3,3.0
2734,171,10,2025-12-09,12,450.57,delivered,3,3.0
2735,246,36,2025-11-25,8,375.92,delivered,2,2.0
2736,258,20,2025-10-05,9,464.19,delivered,1,1.0
2737,931,27,2025-10-04,7,892.73,delivered,2,2.0
2738,983,9,2025-12-21,6,352.57,delivered,2,2.0
2739,224,8,2025-12-25,11,574.92,delivered,2,2.0
2740,1178,1,2025-11-28,6,215.43,delivered,1,1.0
2741,1102,24,2025-11-30,4,146.24,delivered,3,3.0
2742,178,21,2025-08-28,7,290.23,delivered,1,1.0
2743,6,9,2025-12-25,5,270.49,delivered,2,2.0
2744,1182,17,2025-11-26,5,260.61,delivered,3,3.0
2745,1087,19,2025-11-19,3,231.86,delivered,3,3.0
2746,35,5,2025-10-29,8,311.66,delivered,3,3.0
2747,273,12,2025-10-19,8,252.24,delivered,3,3.0
2748,438,29,2025-12-01,6,276.69,cancelled,1,
2749,231,1,2025-09-08,1,43.3,delivered,3,3.0
2750,320,15,2025-05-30,16,1283.66,delivered,2,2.0
2751,1187,5,2025-10-06,9,348.58,delivered,3,3.0
2752,853,4,2025-09-13,6,316.45,delivered,1,1.0
2753,910,33,2025-11-09,9,361.92,delivered,1,1.0
2754,712,13,2025-12-09,2,129.65,delivered,1,1.0
2755,128,5,2025-11-16,1,43.89,delivered,2,2.0
2756,395,29,2025-10-01,2,89.7,delivered,3,3.0
2757,24,19,2025-06-04,4,238.3,delivered,1,1.0
2758,484,31,2025-09-26,5,273.02,delivered,3,3.0
2759,718,15,2025-12-15,11,951.85,delivered,3,3.0
2760,1117,36,2025-10-03,1,40.74,delivered,2,2.0
2761,963,31,2025-11-27,7,317.81,delivered,3,3.0
2762,791,19,2025-10-12,5,338.48,delivered,3,3.0
2763,501,17,2025-10-10,2,76.42,delivered,1,1.0
2764,502,21,2025-09-11,8,348.23,delivered,3,3.0
2765,423,26,2025-12-18,7,413.95,cancelled,2,
2766,56,25,2025-12-05,7,575.19,delivered,2,2.0
2767,789,10,2025-08-30,4,161.89,delivered,1,1.0
2768,273,2,2025-11-29,6,405.5,delivered,1,1.0
2769,1194,21,2025-09-22,15,761.57,disputed,3,3.0
2770,1160,27,2025-10-03,15,1766.53,delivered,2,2.0
2771,1072,32,2025-10-17,6,374.28,delivered,1,1.0
2772,797,1,2025-07-03,4,131.79,delivered,2,2.0
2773,925,32,2025-11-20,5,298.04,delivered,2,2.0
2774,43,23,2025-10-08,4,234.47,delivered,3,3.0
2775,524,33,2025-12-08,3,138.3,delivered,2,2.0
2776,484,8,2025-10-11,11,764.95,delivered,2,2.0
2777,823,11,2025-11-17,6,308.2,delivered,2,2.0
2778,5,16,2025-11-26,6,455.55,delivered,3,3.0
2779,320,35,2025-09-17,9,306.3,delivered,1,1.0
2780,715,33,2025-12-18,13,453.56,delivered,3,3.0
2781,849,32,2025-12-13,7,344.23,delivered,3,3.0
2782,1182,10,2025-09-17,8,302.02,delivered,2,2.0
2783,975,13,2025-11-22,3,240.3,delivered,1,1.0
2784,54,20,2025-06-25,10,475.09,delivered,3,3.0
2785,240,36,2025-11-16,6,237.37,delivered,1,1.0
2786,941,14,2025-11-05,6,524.34,cancelled,3,
2787,280,1,2025-11-03,8,297.15,delivered,1,1.0
2788,476,7,2025-12-06,8,379.02,delivered,3,3.0
2789,1051,16,2025-11-15,12,755.52,delivered,2,2.0
2790,260,4,2025-08-08,8,434.11,delivered,1,1.0
2791,750,33,2025-11-24,2,88.32,delivered,3,3.0
2792,210,35,2025-12-22,3,100.37,delivered,2,2.0
2793,1004,40,2025-09-21,8,596.52,delivered,1,1.0
2794,335,17,2025-10-09,1,45.05,delivered,1,1.0
2795,681,5,2025-09-08,8,391.94,delivered,1,1.0
2796,209,6,2025-12-02,13,438.24,delivered,2,2.0
2797,745,12,2025-12-22,11,435.97,delivered,1,1.0
2798,861,26,2025-12-11,1,63.98,delivered,1,1.0
2799,910,3,2025-10-26,10,749.64,delivered,2,2.0
2800,273,40,2025-11-26,8,559.17,delivered,1,4.0
2801,1051,29,2025-12-12,6,270.61,delivered,3,3.0
2802,694,24,2025-12-10,9,320.51,delivered,2,2.0
2803,845,10,2025-11-02,4,189.69,delivered,3,3.0
2804,1,19,2025-11-20,5,353.61,delivered,2,2.0
2805,983,38,2025-12-06,6,374.75,delivered,3,3.0
2806,920,25,2025-11-24,6,504.7,delivered,1,1.0
2807,766,30,2025-11-08,9,416.21,delivered,2,2.0
2808,485,15,2025-11-17,10,670.87,delivered,1,1.0
2809,438,36,2025-12-11,9,295.23,delivered,3,3.0
2810,694,3,2025-10-07,8,458.78,delivered,3,5.0
2811,1198,6,2025-12-15,9,268.23,delivered,1,1.0
2812,455,1,2025-11-15,9,390.02,disputed,1,1.0
2813,260,1,2025-09-12,15,536.78,delivered,2,2.0
2814,942,27,2025-11-28,8,1032.55,delivered,3,3.0
2815,772,27,2025-09-22,6,638.83,delivered,2,2.0
2816,424,35,2025-10-05,6,245.49,delivered,3,3.0
2817,1182,16,2025-09-16,8,572.29,delivered,2,5.0
2818,320,19,2025-08-21,5,396.7,delivered,1,1.0
2819,649,6,2025-11-10,10,381.42,delivered,2,2.0
2820,637,21,2025-11-06,8,404.84,delivered,2,2.0
2821,11,7,2025-08-16,7,311.0,delivered,1,3.0
2822,492,32,2025-10-06,1,45.67,delivered,3,3.0
2823,910,37,2025-08-26,7,290.13,delivered,3,3.0
2824,60,3,2025-11-13,6,321.65,delivered,3,3.0
2825,1051,24,2025-08-14,10,359.51,cancelled,1,
2826,1192,9,2025-08-18,10,504.45,delivered,3,3.0
2827,1,24,2025-12-14,1,36.29,delivered,1,1.0
2828,800,5,2025-11-19,11,522.14,delivered,3,3.0
2829,445,9,2025-11-11,12,630.56,delivered,1,1.0
2830,320,20,2025-11-12,9,391.29,delivered,1,1.0
2831,983,24,2025-12-07,9,313.58,delivered,1,1.0
2832,244,16,2025-05-08,5,413.82,delivered,1,1.0
2833,777,27,2025-11-04,8,917.57,disputed,1,1.0
2834,442,11,2025-12-14,9,347.84,delivered,1,1.0
2835,456,22,2025-10-12,14,1425.7,delivered,3,3.0
2836,1087,30,2025-10-13,7,310.95,delivered,3,3.0
2837,530,2,2025-12-05,8,609.42,delivered,2,2.0
2838,345,27,2025-12-11,3,392.93,delivered,2,2.0
2839,1004,38,2025-11-18,6,482.39,delivered,2,2.0
2840,526,25,2025-10-05,9,649.46,delivered,1,1.0
2841,712,15,2025-12-17,1,69.92,delivered,3,3.0
2842,824,16,2025-12-16,4,303.56,delivered,2,2.0
2843,143,33,2025-03-22,4,177.7,delivered,2,2.0
2844,1104,31,2025-11-19,11,561.04,delivered,2,2.0
2845,1192,5,2025-10-11,8,427.6,delivered,1,1.0
2846,334,21,2025-12-08,10,435.26,delivered,2,2.0
2847,54,26,2025-04-02,3,203.38,delivered,2,2.0
2848,1083,10,2025-10-24,3,139.44,delivered,1,1.0
2849,1037,6,2025-07-08,5,189.69,delivered,3,3.0
2850,903,17,2025-12-06,9,453.93,delivered,1,1.0
2851,895,33,2025-10-20,1,43.16,delivered,1,1.0
2852,273,18,2025-12-03,8,360.5,delivered,2,2.0
2853,1180,23,2025-07-23,6,275.07,delivered,1,1.0
2854,457,3,2025-12-18,5,373.15,delivered,3,3.0
2855,969,26,2025-10-29,5,312.4,delivered,3,3.0
2856,456,7,2025-05-30,6,199.83,delivered,3,4.0
2857,1049,4,2025-09-07,11,426.09,delivered,2,4.0
2858,63,15,2025-11-29,6,425.0,cancelled,1,
2859,1063,26,2025-05-27,2,136.02,delivered,3,3.0
2860,862,19,2025-10-26,8,532.59,delivered,3,3.0
2861,279,23,2025-10-20,6,305.07,delivered,2,2.0
2862,438,4,2025-12-20,5,210.81,delivered,3,3.0
2863,339,30,2025-10-12,5,254.49,disputed,2,2.0
2864,694,27,2025-08-21,10,1018.32,delivered,2,3.0
2865,320,27,2025-10-08,2,250.4,disputed,3,3.0
2866,320,7,2025-08-06,3,105.73,delivered,2,3.0
2867,89,17,2025-10-30,9,465.5,delivered,3,3.0
2868,456,10,2025-08-22,11,515.07,delivered,3,3.0
2869,704,21,2025-08-03,3,113.31,delivered,1,1.0
2870,526,14,2025-08-06,1,65.79,delivered,3,3.0
2871,280,12,2025-11-04,6,195.05,delivered,2,2.0
2872,975,16,2025-10-15,7,497.93,delivered,1,1.0
2873,773,23,2025-05-09,9,539.63,delivered,2,2.0
2874,96,24,2025-10-18,8,238.64,delivered,1,3.0
2875,1020,8,2025-12-15,8,503.07,delivered,3,3.0
2876,1004,22,2025-10-24,5,686.95,delivered,2,2.0
2877,741,35,2025-11-04,4,148.91,delivered,2,2.0
2878,659,25,2025-10-16,9,715.07,delivered,2,2.0
2879,1187,4,2025-12-10,5,267.45,delivered,3,3.0
2880,205,3,2025-11-14,5,350.98,delivered,2,2.0
2881,843,37,2025-12-18,1,37.88,delivered,1,1.0
2882,1178,15,2025-11-11,12,975.07,delivered,2,2.0
2883,681,17,2025-10-12,15,787.88,delivered,3,3.0
2884,173,34,2025-12-15,3,122.07,delivered,3,4.0
2885,320,40,2025-07-10,5,306.84,delivered,2,4.0
2886,808,16,2025-07-03,6,419.03,delivered,3,3.0
2887,320,36,2025-12-05,8,372.77,delivered,1,1.0
2888,183,39,2025-07-04,4,207.76,delivered,1,1.0
2889,160,15,2025-12-13,1,70.76,delivered,1,1.0
2890,426,7,2025-11-15,9,363.11,delivered,3,3.0
2891,219,34,2025-05-10,8,368.41,delivered,3,3.0
2892,901,27,2025-11-23,6,769.44,delivered,3,3.0
2893,727,4,2025-12-20,14,554.5,delivered,2,2.0
2894,58,21,2025-10-14,5,200.63,cancelled,1,
2895,195,4,2025-12-17,8,361.54,delivered,2,2.0
2896,791,34,2025-06-05,6,318.97,delivered,1,1.0
2897,1102,25,2025-10-29,8,571.96,delivered,3,3.0
2898,768,3,2025-08-17,10,522.16,delivered,3,3.0
2899,1094,26,2025-11-06,4,220.65,delivered,3,3.0
2900,699,11,2025-06-17,8,383.34,delivered,2,2.0
2901,484,28,2025-07-23,1,80.25,delivered,1,2.0
2902,824,39,2025-04-29,4,183.72,delivered,3,3.0
2903,458,9,2025-09-24,10,497.35,delivered,1,1.0
2904,484,3,2025-06-10,5,327.37,cancelled,2,
2905,819,13,2025-09-28,9,591.25,delivered,3,3.0
2906,320,14,2025-10-22,5,354.47,delivered,2,2.0
2907,320,1,2025-11-17,8,296.98,delivered,1,1.0
2908,320,33,2025-10-21,3,142.16,delivered,1,1.0
2909,789,6,2025-06-10,10,375.94,delivered,2,2.0
2910,1192,27,2025-11-27,8,903.52,delivered,3,3.0
2911,874,39,2025-11-22,10,591.3,cancelled,2,
2912,151,10,2025-11-14,9,320.56,delivered,3,3.0
2913,874,34,2025-09-23,9,406.65,delivered,3,3.0
2914,273,29,2025-11-28,9,463.07,delivered,2,2.0
2915,681,13,2025-12-10,4,343.49,delivered,2,2.0
2916,509,22,2025-12-17,10,1309.0,delivered,1,1.0
2917,1149,25,2025-12-02,10,842.02,delivered,2,2.0
2918,450,28,2025-10-01,10,781.37,delivered,1,1.0
2919,387,40,2025-12-07,4,293.61,delivered,2,2.0
2920,520,16,2025-11-24,9,636.24,delivered,1,1.0
2921,20,13,2025-11-21,4,289.04,delivered,2,2.0
2922,1063,32,2025-08-21,8,503.32,cancelled,3,
2923,1082,40,2025-06-22,8,575.66,delivered,3,3.0
2924,417,12,2025-10-19,4,159.04,delivered,1,1.0
2925,397,33,2025-12-05,10,362.6,delivered,3,6.0
2926,694,8,2025-10-17,7,377.19,delivered,3,3.0
2927,442,6,2025-09-30,4,167.11,delivered,3,3.0
2928,927,32,2025-09-20,4,238.97,delivered,2,2.0
2929,975,25,2025-11-17,10,665.63,delivered,3,3.0
2930,457,27,2025-10-18,1,102.44,delivered,1,1.0
2931,974,39,2025-08-31,8,488.46,delivered,1,1.0
2932,680,37,2025-11-15,7,208.44,delivered,1,1.0
2933,1039,22,2025-10-02,9,1176.86,delivered,3,3.0
2934,746,38,2025-12-06,5,322.55,delivered,1,1.0
2935,502,28,2025-09-06,1,84.13,delivered,1,1.0
2936,819,2,2025-11-06,3,218.99,delivered,1,1.0
2937,484,27,2025-08-24,6,630.46,delivered,3,3.0
2938,70,1,2025-03-12,4,151.74,delivered,2,2.0
2939,1182,31,2025-07-25,5,213.13,delivered,3,3.0
2940,694,11,2025-10-30,10,400.38,delivered,3,3.0
2941,172,36,2025-12-16,9,427.49,delivered,3,3.0
2942,888,12,2025-11-11,7,293.24,delivered,3,3.0
2943,538,21,2025-08-28,2,81.14,delivered,2,2.0
2944,619,29,2025-07-24,7,370.24,delivered,1,3.0
2945,446,25,2025-09-08,12,933.94,delivered,1,1.0
2946,1095,17,2025-12-07,3,120.4,delivered,3,3.0
2947,229,22,2025-11-07,5,550.35,delivered,3,3.0
2948,649,26,2025-09-03,4,219.21,delivered,2,2.0
2949,404,24,2025-04-25,8,278.88,delivered,1,1.0
2950,1024,17,2025-10-20,8,406.75,delivered,2,4.0
2951,320,2,2025-11-13,8,587.61,delivered,3,3.0
2952,404,14,2025-09-24,10,647.91,delivered,2,2.0
2953,236,35,2025-09-04,9,371.58,delivered,2,2.0
2954,51,10,2025-12-15,2,81.65,delivered,3,3.0
2955,991,19,2025-07-31,7,434.91,delivered,3,3.0
2956,307,11,2025-08-20,5,195.78,cancelled,3,
2957,178,24,2025-07-15,9,349.34,disputed,2,2.0
2958,752,28,2025-10-16,4,341.81,delivered,2,2.0
2959,1073,26,2025-12-27,4,271.12,delivered,2,2.0
2960,911,39,2025-11-28,5,287.32,delivered,1,1.0
2961,320,3,2025-11-24,9,542.97,delivered,3,3.0
2962,426,35,2025-11-27,9,345.72,delivered,3,3.0
2963,1035,36,2025-05-28,7,294.18,delivered,2,4.0
2964,281,6,2025-09-28,11,342.99,delivered,1,1.0
2965,666,18,2025-12-09,13,450.81,delivered,3,3.0
2966,195,36,2025-12-21,7,278.62,delivered,3,6.0
2967,406,2,2025-08-12,6,374.04,delivered,3,3.0
2968,293,29,2025-10-15,3,136.3,delivered,2,2.0
2969,1089,32,2025-11-04,3,172.07,delivered,3,3.0
2970,494,13,2025-12-16,7,543.04,delivered,1,1.0
2971,280,36,2025-11-16,9,418.67,delivered,2,2.0
2972,515,29,2025-12-08,10,439.18,delivered,1,1.0
2973,587,33,2025-12-13,6,241.48,delivered,1,1.0
2974,262,38,2025-08-18,9,676.75,delivered,1,1.0
2975,35,15,2025-07-07,9,552.1,delivered,2,2.0
2976,981,14,2025-07-31,18,1107.09,delivered,2,2.0
2977,320,26,2025-10-15,8,553.76,delivered,3,3.0
2978,320,25,2025-09-20,4,252.63,delivered,1,4.0
2979,903,3,2025-12-14,7,398.81,delivered,3,3.0
2980,54,17,2025-08-22,4,164.12,delivered,3,3.0
2981,351,7,2025-12-23,8,326.89,delivered,3,5.0
2982,92,23,2025-12-05,12,628.8,cancelled,2,
2983,754,28,2025-05-12,3,234.16,delivered,2,2.0
2984,320,39,2025-10-09,10,606.68,delivered,3,3.0
2985,339,25,2025-11-10,8,533.01,delivered,3,3.0
2986,151,21,2025-12-15,6,257.59,delivered,3,3.0
2987,965,39,2025-11-28,9,477.48,delivered,2,2.0
2988,406,15,2025-08-11,7,532.15,delivered,2,2.0
2989,494,23,2025-12-25,5,264.12,delivered,2,2.0
2990,1004,40,2025-11-09,8,556.34,delivered,1,1.0
2991,152,25,2025-10-16,3,210.94,delivered,3,3.0
2992,65,8,2025-11-07,9,498.69,delivered,2,2.0
2993,240,37,2025-07-13,10,323.98,delivered,2,5.0
2994,623,39,2025-03-26,9,571.07,delivered,1,1.0
2995,874,38,2025-11-12,9,754.02,delivered,3,3.0
2996,45,13,2025-06-06,6,417.56,delivered,1,1.0
2997,1178,28,2025-11-07,9,673.16,delivered,1,1.0
2998,663,8,2025-10-05,8,421.44,delivered,3,3.0
2999,681,17,2025-09-29,7,364.45,delivered,3,3.0
3000,903,37,2025-11-25,8,298.53,delivered,3,3.0
3001,320,30,2025-11-10,8,334.46,delivered,1,1.0
3002,554,14,2025-06-08,6,506.66,delivered,1,1.0
3003,834,26,2025-09-19,2,138.18,delivered,1,1.0
3004,317,9,2025-11-24,5,259.89,delivered,1,1.0
3005,897,25,2025-09-28,8,482.32,delivered,1,1.0
3006,435,11,2025-07-31,5,237.35,delivered,1,1.0
3007,252,21,2025-11-17,6,289.54,delivered,3,3.0
3008,320,17,2025-09-21,4,209.6,delivered,1,1.0
3009,681,14,2025-08-25,4,258.13,delivered,1,1.0
3010,501,7,2025-11-20,3,139.07,delivered,3,3.0
3011,320,30,2025-09-22,7,295.56,delivered,3,3.0
3012,923,8,2025-09-10,3,193.31,delivered,3,3.0
3013,198,8,2025-12-02,8,452.59,delivered,2,2.0
3014,224,17,2025-12-18,4,164.35,delivered,2,2.0
3015,1184,27,2025-12-15,10,983.79,delivered,1,1.0
3016,455,27,2025-12-17,6,758.27,cancelled,3,
3017,638,5,2025-10-22,7,282.95,delivered,2,2.0
3018,983,22,2025-12-20,3,345.44,disputed,1,1.0
3019,364,40,2025-10-04,6,363.56,delivered,2,2.0
3020,1193,37,2025-10-07,2,85.95,delivered,1,1.0
3021,320,25,2025-10-17,6,405.0,delivered,3,3.0
3022,754,30,2025-08-22,14,540.29,delivered,3,3.0
3023,771,7,2025-06-20,8,275.08,delivered,3,3.0
3024,71,23,2025-10-08,12,777.36,delivered,2,2.0
3025,554,4,2025-08-23,8,436.37,delivered,2,2.0
3026,1193,32,2025-08-10,5,246.6,delivered,1,1.0
3027,320,23,2025-11-24,8,407.75,delivered,1,1.0
3028,254,16,2025-08-16,7,436.75,cancelled,3,
3029,1130,37,2025-11-24,4,150.22,delivered,2,2.0
3030,183,23,2025-10-13,9,454.41,delivered,3,3.0
3031,1008,3,2025-12-18,8,425.68,delivered,2,2.0
3032,1051,33,2025-11-18,4,130.19,delivered,1,1.0
3033,777,16,2025-09-25,6,438.03,delivered,2,2.0
3034,449,15,2025-09-05,10,662.14,delivered,3,3.0
3035,729,26,2025-11-08,3,198.13,delivered,3,3.0
3036,438,10,2025-12-19,11,378.3,delivered,1,1.0
3037,874,12,2025-12-09,6,230.01,delivered,2,2.0
3038,1046,36,2025-05-13,1,34.87,delivered,1,1.0
3039,54,19,2025-06-25,6,511.46,delivered,2,2.0
3040,694,35,2025-10-26,8,336.64,delivered,1,1.0
3041,54,5,2025-06-25,9,489.43,delivered,3,3.0
3042,456,1,2025-07-15,7,298.62,disputed,2,2.0
3043,6,23,2025-10-06,7,421.78,delivered,3,3.0
3044,240,35,2025-09-25,4,150.28,delivered,3,3.0
3045,438,9,2025-12-22,6,378.63,delivered,2,2.0
3046,320,39,2025-10-05,5,243.36,delivered,3,3.0
3047,1049,7,2025-10-15,10,371.75,delivered,1,1.0
3048,777,27,2025-11-04,4,396.34,delivered,2,2.0
3049,741,22,2025-12-02,6,670.1,delivered,1,1.0
3050,198,4,2025-12-04,7,297.81,delivered,2,2.0
3051,442,12,2025-10-16,13,561.71,delivered,2,4.0
3052,903,14,2025-12-15,6,432.91,delivered,1,1.0
3053,484,31,2025-08-27,13,514.0,delivered,3,3.0
3054,869,4,2025-04-09,9,404.34,delivered,2,2.0
3055,406,14,2025-09-08,5,388.65,delivered,3,3.0
3056,694,25,2025-10-13,1,83.13,delivered,2,2.0
3057,752,3,2025-08-28,12,874.07,delivered,1,1.0
3058,484,19,2025-08-07,8,645.92,delivered,2,2.0
3059,325,27,2025-07-08,7,809.43,delivered,2,2.0
3060,522,33,2025-12-05,3,104.6,delivered,1,1.0
3061,390,19,2025-07-10,5,421.25,cancelled,2,
3062,897,40,2025-09-12,6,325.37,delivered,1,1.0
3063,658,18,2025-11-06,6,283.19,delivered,1,1.0
3064,1122,10,2025-11-11,11,510.46,delivered,3,3.0
3065,1019,4,2025-05-18,5,213.5,delivered,1,1.0
3066,897,40,2025-10-19,6,339.74,delivered,3,3.0
3067,1135,14,2025-11-14,5,433.71,cancelled,3,
3068,442,14,2025-11-13,4,315.18,delivered,1,1.0
3069,438,15,2025-12-23,12,1038.36,delivered,3,6.0
3070,406,34,2025-11-08,11,413.56,delivered,1,1.0
3071,741,19,2025-10-30,3,205.35,delivered,2,2.0
3072,123,27,2025-11-29,5,607.04,delivered,2,2.0
3073,494,9,2025-12-15,8,403.99,delivered,1,1.0
3074,501,23,2025-11-27,9,439.11,delivered,2,3.0
3075,54,23,2025-06-04,5,236.35,cancelled,1,
3076,988,11,2025-05-29,7,307.76,delivered,2,2.0
3077,502,3,2025-04-02,8,541.39,delivered,1,1.0
3078,89,8,2025-07-31,10,606.17,cancelled,3,
3079,694,16,2025-07-25,4,280.14,delivered,2,2.0
3080,476,28,2025-12-10,8,479.55,delivered,3,3.0
3081,320,1,2025-09-25,9,401.47,delivered,2,2.0
3082,1051,10,2025-09-01,4,186.37,delivered,3,3.0
3083,1049,11,2025-04-13,10,415.11,delivered,3,3.0
3084,694,21,2025-10-02,5,196.42,cancelled,1,
3085,320,34,2025-09-29,8,316.34,delivered,1,1.0
3086,975,35,2025-12-08,4,138.14,delivered,1,1.0
3087,1192,36,2025-09-18,7,310.94,delivered,1,1.0
3088,412,33,2025-11-12,3,104.1,delivered,1,1.0
3089,681,34,2025-05-05,6,318.4,delivered,3,3.0
3090,438,15,2025-12-19,9,688.49,delivered,3,3.0
3091,438,8,2025-12-27,9,592.11,delivered,1,1.0
3092,847,39,2025-10-31,9,441.34,disputed,3,3.0
3093,438,39,2025-12-23,6,270.45,delivered,3,4.0
3094,260,16,2025-09-29,5,410.3,delivered,2,2.0
3095,983,9,2025-10-31,5,281.94,cancelled,3,
3096,320,21,2025-10-23,11,415.93,delivered,3,3.0
3097,798,14,2025-09-25,11,938.73,delivered,1,1.0
3098,903,38,2025-11-24,8,692.58,delivered,1,1.0
3099,706,13,2025-12-23,8,503.06,disputed,2,2.0
3100,1178,36,2025-12-21,8,365.42,delivered,2,2.0
3101,1049,33,2025-07-02,11,502.61,delivered,3,3.0
3102,535,20,2025-11-28,4,188.4,delivered,3,3.0
3103,744,30,2025-11-09,7,301.94,delivered,1,1.0
3104,824,35,2025-10-12,8,284.09,cancelled,1,
3105,550,38,2025-12-14,12,815.28,delivered,3,5.0
3106,1063,38,2025-11-19,6,497.01,delivered,1,1.0
3107,320,4,2025-11-27,6,233.34,delivered,3,3.0
3108,273,37,2025-10-30,10,368.95,cancelled,3,
3109,694,18,2025-08-04,6,194.36,delivered,2,2.0
3110,54,3,2025-10-21,11,792.14,delivered,3,3.0
3111,952,15,2025-12-27,8,545.02,delivered,2,2.0
3112,369,8,2025-10-12,11,751.51,delivered,3,3.0
3113,975,28,2025-10-28,10,846.44,delivered,3,6.0
3114,649,34,2025-12-12,4,175.0,delivered,3,3.0
3115,789,25,2025-04-17,12,774.9,delivered,1,1.0
3116,109,16,2025-12-23,7,432.83,delivered,2,2.0
3117,922,32,2025-11-11,6,325.26,delivered,1,1.0
3118,201,10,2025-10-26,2,66.04,delivered,2,2.0
3119,485,36,2025-12-04,4,189.5,delivered,3,3.0
3120,71,35,2025-12-10,10,347.78,delivered,2,2.0
3121,198,18,2025-11-26,2,85.11,delivered,1,1.0
3122,320,32,2025-10-06,3,137.22,delivered,1,4.0
3123,879,26,2025-11-19,6,309.6,cancelled,1,
3124,198,21,2025-12-24,7,263.13,delivered,1,1.0
3125,35,19,2025-06-28,9,555.18,delivered,2,2.0
3126,287,1,2025-12-06,7,251.93,delivered,3,3.0
3127,1020,1,2025-08-18,8,330.38,delivered,1,1.0
3128,969,33,2025-10-24,7,238.95,delivered,1,1.0
3129,320,14,2025-11-02,6,405.47,delivered,3,3.0
3130,240,37,2025-11-15,7,231.99,delivered,2,2.0
3131,1051,23,2025-11-06,7,446.0,delivered,2,2.0
3132,109,28,2025-11-28,8,578.23,delivered,2,2.0
3133,335,2,2025-09-24,7,485.47,delivered,2,2.0
3134,354,17,2025-12-02,4,167.34,delivered,2,2.0
3135,1193,27,2025-11-09,7,905.57,delivered,3,3.0
3136,316,6,2025-11-10,5,214.1,delivered,1,1.0
3137,568,37,2025-11-28,8,326.96,delivered,2,2.0
3138,694,2,2025-11-15,8,658.44,delivered,3,3.0
3139,969,11,2025-08-07,5,264.22,delivered,3,3.0
3140,536,36,2025-09-16,7,332.03,delivered,3,3.0
3141,401,29,2025-06-29,3,120.79,delivered,1,1.0
3142,1026,3,2025-12-16,10,687.6,disputed,2,2.0
3143,320,25,2025-12-07,11,704.02,delivered,2,2.0
3144,183,21,2025-08-17,8,393.34,delivered,2,2.0
3145,289,21,2025-11-22,12,552.34,delivered,1,1.0
3146,903,25,2025-12-29,7,582.82,delivered,1,1.0
3147,1084,5,2025-10-18,9,353.32,delivered,2,2.0
3148,280,21,2025-09-18,8,379.41,delivered,1,1.0
3149,458,27,2025-11-25,7,748.58,delivered,1,1.0
3150,506,23,2025-11-25,6,371.63,disputed,1,1.0
3151,1128,7,2025-12-01,7,260.18,delivered,2,2.0
3152,450,35,2025-11-15,11,340.09,delivered,3,3.0
3153,317,1,2025-11-01,11,408.78,delivered,3,3.0
3154,942,23,2025-12-03,8,453.7,delivered,3,3.0
3155,17,5,2025-11-30,10,428.09,delivered,1,1.0
3156,1146,6,2025-11-24,11,367.96,delivered,2,2.0
3157,1168,39,2025-11-09,10,541.89,delivered,3,3.0
3158,1192,16,2025-12-02,8,591.53,delivered,3,3.0
3159,1049,2,2025-08-13,8,539.16,delivered,3,3.0
3160,487,15,2025-11-15,8,615.35,delivered,3,3.0
3161,788,30,2025-10-20,3,143.11,delivered,2,2.0
3162,1,5,2025-09-26,7,290.8,delivered,3,3.0
3163,752,34,2025-07-02,1,41.8,disputed,1,1.0
3164,892,21,2025-04-10,8,313.19,delivered,2,2.0
3165,406,40,2025-10-08,11,675.51,delivered,2,2.0
3166,320,15,2025-10-03,8,607.16,delivered,1,1.0
3167,886,23,2025-12-05,5,311.12,delivered,1,1.0
3168,777,3,2025-09-03,4,280.8,cancelled,3,
3169,89,4,2025-11-04,8,424.38,delivered,1,1.0
3170,611,28,2025-11-20,5,405.29,delivered,2,2.0
3171,824,20,2025-07-15,3,138.23,delivered,2,2.0
3172,195,24,2025-12-11,6,179.47,disputed,3,6.0
3173,576,2,2025-08-01,10,739.53,delivered,3,3.0
3174,657,21,2025-11-14,2,107.63,delivered,3,3.0
3175,1169,35,2025-12-23,7,270.45,delivered,1,1.0
3176,777,17,2025-10-09,5,193.99,delivered,2,2.0
3177,525,22,2025-11-24,1,122.12,delivered,3,6.0
3178,320,1,2025-07-30,8,313.62,delivered,3,3.0
3179,1118,20,2025-10-23,4,158.62,delivered,2,2.0
3180,75,2,2025-12-23,10,760.36,delivered,2,2.0
3181,1184,37,2025-11-28,7,216.71,delivered,1,1.0
3182,903,25,2025-12-07,10,619.74,delivered,1,1.0
3183,502,33,2025-06-29,11,358.35,delivered,3,3.0
3184,107,13,2025-11-14,7,560.44,delivered,3,3.0
3185,320,36,2025-11-02,10,471.12,delivered,2,2.0
3186,677,19,2025-10-28,6,470.02,delivered,2,2.0
3187,397,31,2025-11-29,8,339.6,delivered,1,1.0
3188,1004,9,2025-09-16,2,122.13,delivered,3,3.0
3189,966,19,2025-09-02,11,917.28,delivered,2,3.0
3190,314,38,2025-09-30,6,425.24,delivered,1,1.0
3191,118,35,2025-11-24,3,128.02,delivered,2,2.0
3192,23,16,2025-10-27,6,402.13,delivered,3,3.0
3193,1039,9,2025-11-05,1,50.83,cancelled,1,
3194,485,29,2025-12-13,4,179.56,delivered,2,2.0
3195,910,40,2025-11-09,10,728.9,delivered,2,2.0
3196,62,28,2025-12-18,7,459.69,delivered,2,5.0
3197,393,33,2025-12-15,3,140.91,delivered,3,3.0
3198,320,4,2025-11-10,9,458.87,delivered,2,2.0
3199,343,8,2025-03-20,6,340.49,delivered,2,2.0
3200,653,30,2025-10-19,4,176.94,delivered,1,1.0
3201,451,11,2025-10-19,6,322.33,delivered,1,3.0
3202,636,31,2025-11-24,5,187.18,delivered,1,1.0
3203,584,4,2025-09-21,7,292.55,cancelled,3,
3204,281,9,2025-10-07,6,366.69,cancelled,2,
3205,587,1,2025-10-21,5,223.12,delivered,2,2.0
3206,19,15,2025-11-10,8,518.76,delivered,3,3.0
3207,535,16,2025-11-06,1,70.64,delivered,3,3.0
3208,109,8,2025-11-29,6,307.11,delivered,1,1.0
3209,739,7,2025-12-04,4,151.39,delivered,3,3.0
3210,484,14,2025-07-30,10,801.13,delivered,2,2.0
3211,377,39,2025-10-17,5,229.76,delivered,3,3.0
3212,395,7,2025-11-19,10,394.56,delivered,2,2.0
3213,320,24,2025-06-27,7,258.59,delivered,3,3.0
3214,150,8,2025-12-27,12,793.24,delivered,1,1.0
3215,845,37,2025-10-09,6,262.42,cancelled,3,
3216,923,20,2025-10-19,7,271.01,delivered,1,1.0
3217,1170,40,2025-10-07,1,64.79,delivered,2,2.0
3218,320,31,2025-12-04,8,327.65,delivered,2,2.0
3219,320,36,2025-10-31,7,261.49,delivered,3,5.0
3220,20,39,2025-11-19,1,62.92,delivered,1,1.0
3221,240,3,2025-06-25,9,615.62,delivered,1,1.0
3222,715,40,2025-11-19,11,742.57,delivered,1,1.0
3223,1004,31,2025-08-29,11,545.85,delivered,2,2.0
3224,1049,29,2025-07-31,11,590.77,delivered,3,3.0
3225,1162,17,2025-12-12,1,37.45,delivered,1,3.0
3226,1168,38,2025-12-06,3,248.28,delivered,3,3.0
3227,502,11,2025-10-08,4,171.12,delivered,3,3.0
3228,699,22,2025-08-29,11,1356.61,delivered,2,2.0
3229,1029,20,2025-11-10,5,240.2,delivered,2,2.0
3230,50,9,2025-11-21,4,182.34,delivered,3,3.0
3231,5,15,2025-09-24,7,478.39,cancelled,2,
3232,752,2,2025-07-10,4,315.05,delivered,1,1.0
3233,526,12,2025-07-21,8,271.22,delivered,3,3.0
3234,354,39,2025-07-25,12,698.9,delivered,3,3.0
3235,1011,5,2025-06-12,8,399.75,delivered,1,1.0
3236,502,9,2025-12-03,7,361.15,delivered,3,3.0
3237,883,18,2025-09-10,2,83.41,delivered,3,3.0
3238,11,27,2025-07-24,11,1319.57,delivered,3,3.0
3239,706,24,2025-12-09,1,35.36,delivered,3,3.0
3240,578,23,2025-11-30,1,64.4,delivered,3,4.0
3241,6,1,2025-11-09,5,173.26,delivered,2,2.0
3242,612,28,2025-09-26,4,312.53,cancelled,3,
3243,1118,39,2025-10-30,8,430.91,delivered,1,1.0
3244,584,24,2025-07-20,3,119.34,delivered,1,1.0
3245,320,28,2025-08-20,7,526.68,delivered,2,2.0
3246,820,21,2025-12-15,5,189.34,delivered,2,2.0
3247,273,3,2025-10-01,7,476.99,delivered,1,1.0
3248,557,2,2025-12-11,5,432.12,delivered,1,1.0
3249,397,32,2025-12-12,7,329.04,delivered,1,1.0
3250,543,31,2025-05-24,7,282.21,delivered,2,2.0
3251,554,26,2025-04-19,9,492.51,delivered,3,3.0
3252,455,32,2025-11-12,11,576.98,delivered,3,3.0
3253,1036,28,2025-12-21,6,508.39,delivered,3,3.0
3254,977,15,2025-12-07,10,706.64,delivered,2,2.0
3255,752,24,2025-09-11,6,201.62,cancelled,1,
3256,969,1,2025-08-05,11,469.41,delivered,1,1.0
3257,897,34,2025-11-04,5,195.68,delivered,3,3.0
3258,320,1,2025-11-28,10,455.31,delivered,3,3.0
3259,919,2,2025-11-29,3,221.6,delivered,3,3.0
3260,752,28,2025-11-29,11,681.58,delivered,1,1.0
3261,681,39,2025-10-27,8,472.4,delivered,1,3.0
3262,824,34,2025-07-12,10,431.99,delivered,3,3.0
3263,625,31,2025-10-02,2,83.22,delivered,2,2.0
3264,88,31,2025-10-02,8,371.83,delivered,2,2.0
3265,709,24,2025-08-19,7,250.24,delivered,3,3.0
3266,653,29,2025-11-18,3,151.97,delivered,1,1.0
3267,402,9,2025-10-06,4,197.47,delivered,3,3.0
3268,1050,39,2025-08-25,8,393.39,delivered,3,3.0
3269,526,2,2025-10-19,5,413.78,delivered,3,3.0
3270,625,8,2025-10-14,6,390.53,disputed,1,1.0
3271,320,32,2025-08-27,7,407.01,delivered,3,3.0
3272,484,16,2025-07-29,4,318.55,delivered,3,3.0
3273,354,20,2025-11-22,6,262.77,delivered,2,2.0
3274,377,28,2025-08-17,13,844.44,delivered,2,2.0
3275,1051,22,2025-11-24,5,612.25,delivered,3,3.0
3276,201,9,2025-10-28,8,516.52,delivered,3,3.0
3277,1035,29,2025-07-17,2,109.34,delivered,2,5.0
3278,320,35,2025-10-07,10,388.38,delivered,1,1.0
3279,484,38,2025-08-29,8,655.79,delivered,2,2.0
3280,1063,22,2025-11-02,13,1222.59,delivered,2,2.0
3281,317,3,2025-12-08,9,565.98,delivered,3,3.0
3282,907,5,2025-12-16,10,395.83,delivered,1,1.0
3283,579,24,2025-08-18,3,117.22,delivered,1,1.0
3284,1199,35,2025-10-26,7,229.65,delivered,1,1.0
3285,377,31,2025-11-08,6,276.8,delivered,1,1.0
3286,107,35,2025-11-16,6,256.0,delivered,3,3.0
3287,320,23,2025-09-27,4,253.23,delivered,1,1.0
3288,1111,3,2025-11-17,10,514.35,delivered,1,1.0
3289,1069,33,2025-07-01,4,152.85,delivered,2,2.0
3290,665,1,2025-11-14,9,352.33,cancelled,2,
3291,1192,9,2025-04-07,12,728.07,cancelled,3,
3292,1158,28,2025-11-19,13,981.82,delivered,2,2.0
3293,748,30,2025-11-17,7,316.68,cancelled,3,
3294,320,3,2025-10-22,9,617.0,delivered,3,3.0
3295,676,5,2025-11-11,5,190.31,delivered,3,3.0
3296,1125,37,2025-12-07,5,168.05,delivered,2,2.0
3297,320,36,2025-11-08,6,279.21,delivered,1,1.0
3298,201,28,2025-06-15,11,903.41,delivered,1,1.0
3299,694,11,2025-09-03,6,321.45,delivered,1,1.0
3300,320,11,2025-09-09,10,461.96,delivered,1,1.0
3301,888,33,2025-11-06,12,400.04,delivered,1,1.0
3302,502,30,2025-08-07,8,354.12,delivered,1,1.0
3303,320,18,2025-10-20,10,425.13,delivered,1,1.0
3304,109,19,2025-12-01,10,697.7,delivered,3,3.0
3305,455,19,2025-11-24,10,725.49,cancelled,1,
3306,184,11,2025-10-28,8,330.65,delivered,2,4.0
3307,289,26,2025-12-04,6,321.12,delivered,1,4.0
3308,897,33,2025-10-29,6,267.36,disputed,1,1.0
3309,492,29,2025-10-27,5,268.56,delivered,2,2.0
3310,709,27,2025-08-05,2,187.89,delivered,3,3.0
3311,1146,37,2025-12-10,10,405.81,delivered,2,2.0
3312,941,27,2025-11-24,5,589.53,delivered,2,2.0
3313,501,32,2025-12-06,7,357.39,delivered,3,3.0
3314,1198,36,2025-12-04,11,480.96,delivered,3,6.0
3315,506,38,2025-09-19,10,788.77,delivered,3,3.0
3316,1043,23,2025-12-25,4,179.69,delivered,1,4.0
3317,109,20,2025-12-21,9,451.79,delivered,1,1.0
3318,178,36,2025-09-25,4,152.62,delivered,3,3.0
3319,455,5,2025-11-08,12,516.35,delivered,3,3.0
3320,354,21,2025-10-30,7,348.19,delivered,2,2.0
3321,401,12,2025-08-09,2,62.89,delivered,1,1.0
3322,1083,16,2025-11-25,9,730.93,delivered,1,2.0
3323,224,32,2025-11-10,6,373.74,delivered,1,1.0
3324,949,30,2025-11-24,4,160.71,delivered,3,3.0
3325,440,15,2025-11-03,7,611.47,delivered,1,1.0
3326,1111,16,2025-08-08,4,348.65,delivered,3,3.0
3327,649,11,2025-10-15,14,615.24,delivered,2,2.0
3328,653,26,2025-11-04,7,446.72,delivered,3,3.0
3329,272,16,2025-08-27,3,229.5,delivered,1,1.0
3330,1033,22,2025-11-10,6,641.08,delivered,2,2.0
3331,150,25,2025-05-22,7,539.07,delivered,3,4.0
3332,420,40,2025-10-27,3,215.8,delivered,2,2.0
3333,290,31,2025-12-13,6,227.8,delivered,1,4.0
3334,96,29,2025-09-30,10,461.82,delivered,3,3.0
3335,370,9,2025-07-24,11,532.29,delivered,2,2.0
3336,771,32,2025-11-24,2,117.95,delivered,3,3.0
3337,501,31,2025-12-18,8,309.08,delivered,2,2.0
3338,406,1,2025-09-29,9,369.34,delivered,2,2.0
3339,1198,27,2025-12-14,17,1984.97,delivered,2,2.0
3340,851,36,2025-09-18,2,69.2,delivered,2,2.0
3341,3,19,2025-10-31,10,637.56,cancelled,1,
3342,888,20,2025-05-19,8,414.34,delivered,1,1.0
3343,1063,20,2025-06-19,9,447.74,delivered,3,3.0
3344,320,2,2025-11-26,6,402.53,delivered,1,3.0
3345,421,2,2025-09-22,5,400.54,delivered,2,2.0
3346,607,31,2025-06-01,7,305.14,delivered,3,3.0
3347,609,32,2025-10-15,5,309.55,delivered,3,3.0
3348,354,35,2025-12-23,9,301.8,delivered,2,2.0
3349,940,22,2025-07-15,8,1035.1,delivered,1,1.0
3350,1076,12,2025-10-15,7,253.91,delivered,2,2.0
3351,3,36,2025-10-01,1,35.94,delivered,1,1.0
3352,150,15,2025-08-20,11,818.15,disputed,1,1.0
3353,282,32,2025-06-16,3,143.22,delivered,2,2.0
3354,966,9,2025-11-07,9,441.01,disputed,1,4.0
3355,58,16,2025-10-04,10,719.71,delivered,2,2.0
3356,54,16,2025-04-30,3,200.85,delivered,1,1.0
3357,5,22,2025-08-16,8,1015.83,delivered,1,1.0
3358,172,38,2025-12-06,5,406.99,delivered,1,4.0
3359,625,37,2025-11-27,12,425.79,delivered,2,2.0
3360,941,38,2025-10-13,7,521.8,delivered,2,2.0
3361,914,26,2025-03-31,11,599.12,delivered,2,2.0
3362,752,37,2025-09-25,1,42.08,delivered,3,3.0
3363,1113,14,2025-12-24,8,533.77,delivered,2,2.0
3364,35,21,2025-11-03,4,211.06,delivered,1,1.0
3365,485,36,2025-10-25,11,430.36,delivered,2,5.0
3366,290,15,2025-12-29,4,278.29,delivered,2,2.0
3367,320,9,2025-10-25,10,496.62,delivered,3,3.0
3368,395,15,2025-09-13,3,203.32,delivered,3,3.0
3369,291,16,2025-11-02,4,298.85,delivered,1,1.0
3370,694,16,2025-11-09,6,358.83,delivered,1,1.0
3371,1067,24,2025-11-07,5,170.12,delivered,2,2.0
3372,406,20,2025-08-15,6,229.74,cancelled,1,
3373,240,30,2025-05-17,1,41.81,delivered,3,3.0
3374,178,26,2025-07-16,8,529.79,delivered,2,2.0
3375,275,24,2025-12-23,10,362.86,delivered,1,1.0
3376,1182,32,2025-09-07,13,769.62,delivered,1,1.0
3377,1004,20,2025-11-09,6,247.46,delivered,1,1.0
3378,653,27,2025-11-06,10,963.91,delivered,1,1.0
3379,99,31,2025-12-22,4,170.81,delivered,1,1.0
3380,320,16,2025-08-14,8,483.2,delivered,1,1.0
3381,1026,28,2025-11-24,10,699.58,delivered,2,2.0
3382,1049,9,2025-11-29,8,446.26,delivered,3,3.0
3383,772,36,2025-10-23,9,393.77,delivered,2,2.0
3384,871,25,2025-09-07,5,393.32,delivered,1,1.0
3385,415,6,2025-11-11,3,108.59,delivered,1,1.0
3386,132,6,2025-12-19,6,228.4,delivered,3,3.0
3387,3,5,2025-12-19,6,290.87,delivered,2,2.0
3388,741,34,2025-11-30,5,269.2,delivered,3,3.0
3389,658,30,2025-12-14,6,269.44,delivered,1,1.0
3390,1083,13,2025-10-14,11,685.69,delivered,2,2.0
3391,273,18,2025-10-23,7,294.14,delivered,2,2.0
3392,1069,40,2025-12-05,11,586.12,delivered,3,3.0
3393,284,4,2025-09-09,10,443.32,delivered,1,1.0
3394,1121,33,2025-07-02,8,262.01,delivered,3,3.0
3395,766,30,2025-12-08,10,545.67,delivered,2,2.0
3396,373,32,2025-10-06,1,58.18,delivered,3,3.0
3397,694,14,2025-08-06,9,601.46,delivered,1,1.0
3398,681,34,2025-06-12,7,311.34,delivered,1,1.0
3399,320,20,2025-10-15,8,346.87,delivered,1,1.0
3400,687,19,2025-11-24,1,84.72,delivered,2,2.0
3401,892,23,2025-07-05,13,729.35,delivered,2,5.0
3402,320,12,2025-09-13,8,249.02,delivered,3,3.0
3403,1154,10,2025-10-23,11,426.71,delivered,1,1.0
3404,229,10,2025-12-14,7,317.62,delivered,3,3.0
3405,151,14,2025-12-20,1,70.2,delivered,2,4.0
3406,212,14,2025-12-15,6,378.78,delivered,2,2.0
3407,845,3,2025-06-07,12,657.87,cancelled,2,
3408,658,18,2025-09-18,11,520.05,delivered,1,1.0
3409,273,12,2025-09-04,7,226.22,delivered,1,4.0
3410,1165,3,2025-11-23,7,386.98,delivered,1,2.0
3411,519,9,2025-09-29,8,474.84,delivered,3,3.0
3412,54,11,2025-09-23,10,500.07,delivered,1,1.0
3413,817,12,2025-10-16,1,34.67,delivered,1,4.0
3414,98,6,2025-09-18,1,32.82,delivered,2,2.0
3415,169,36,2025-12-21,8,324.06,delivered,2,2.0
3416,803,15,2025-12-04,7,536.84,delivered,3,6.0
3417,1004,2,2025-04-16,4,239.9,delivered,1,1.0
3418,370,15,2025-08-26,8,648.19,delivered,3,3.0
3419,593,14,2025-08-20,5,302.95,delivered,2,2.0
3420,290,19,2025-11-27,10,693.42,delivered,3,3.0
3421,872,35,2025-12-02,9,335.73,delivered,2,2.0
3422,888,21,2025-07-30,10,421.1,delivered,1,1.0
3423,317,2,2025-12-03,11,678.55,delivered,2,2.0
3424,291,20,2025-09-27,7,336.52,delivered,2,5.0
3425,446,11,2025-07-22,7,328.06,delivered,3,6.0
3426,686,10,2025-12-01,8,331.47,cancelled,2,
3427,458,25,2025-12-20,9,585.0,delivered,2,2.0
3428,1030,28,2025-09-13,7,539.18,delivered,2,2.0
3429,715,11,2025-10-18,4,173.51,delivered,1,1.0
3430,109,36,2025-12-09,8,368.78,delivered,3,3.0
3431,456,16,2025-05-16,7,537.51,delivered,3,3.0
3432,824,36,2025-11-04,3,135.18,delivered,2,2.0
3433,450,25,2025-11-21,5,376.56,delivered,1,1.0
3434,395,16,2025-11-01,6,358.9,delivered,1,1.0
3435,752,23,2025-11-13,4,217.21,cancelled,1,
3436,543,38,2025-12-21,2,160.66,delivered,2,2.0
3437,109,28,2025-12-03,13,919.83,disputed,1,1.0
3438,607,20,2025-08-15,14,534.43,delivered,2,2.0
3439,637,26,2025-11-14,9,497.01,delivered,2,2.0
3440,1003,18,2025-10-16,4,171.77,delivered,3,3.0
3441,1051,18,2025-11-15,14,499.61,delivered,3,3.0
3442,109,1,2025-12-09,7,326.46,delivered,1,1.0
3443,78,15,2025-11-19,5,398.06,delivered,2,2.0
3444,320,21,2025-06-03,9,371.43,delivered,1,1.0
3445,771,31,2025-10-14,3,123.78,delivered,1,1.0
3446,944,10,2025-11-29,5,198.26,delivered,1,2.0
3447,445,1,2025-11-13,7,260.83,delivered,2,2.0
3448,643,38,2025-06-21,4,268.01,delivered,1,1.0
3449,888,18,2025-11-15,6,222.5,delivered,3,3.0
3450,694,33,2025-12-07,4,168.22,delivered,1,1.0
3451,320,23,2025-07-29,6,269.12,delivered,3,3.0
3452,823,37,2025-12-17,1,34.28,delivered,3,3.0
3453,484,18,2025-08-28,3,126.15,delivered,2,2.0
3454,89,33,2025-12-18,10,355.48,delivered,1,1.0
3455,1192,20,2025-08-09,6,316.51,delivered,3,3.0
3456,884,23,2025-12-08,2,116.99,delivered,1,1.0
3457,745,3,2025-10-26,5,347.37,delivered,3,3.0
3458,320,33,2025-07-25,7,295.75,delivered,1,1.0
3459,789,19,2025-06-25,5,431.16,delivered,2,2.0
3460,201,13,2025-07-23,6,463.29,delivered,2,2.0
3461,178,7,2025-09-30,6,211.7,delivered,3,3.0
3462,320,17,2025-12-12,11,564.59,delivered,2,2.0
3463,484,10,2025-06-11,5,181.67,delivered,1,1.0
3464,383,37,2025-12-04,4,145.67,delivered,1,1.0
3465,96,39,2025-11-16,12,737.03,delivered,3,5.0
3466,484,8,2025-11-28,9,575.38,disputed,2,2.0
3467,307,2,2025-09-22,9,682.58,delivered,2,2.0
3468,47,9,2025-11-18,7,339.8,delivered,1,1.0
3469,168,34,2025-11-21,7,354.16,cancelled,1,
3470,415,22,2025-11-10,6,803.44,delivered,3,3.0
3471,775,6,2025-06-19,9,363.85,delivered,3,3.0
3472,320,18,2025-07-30,7,297.47,delivered,3,3.0
3473,929,22,2025-11-14,2,237.44,delivered,3,3.0
3474,109,6,2025-12-07,9,380.14,delivered,3,3.0
3475,244,34,2025-09-07,9,492.39,delivered,1,1.0
3476,558,26,2025-08-29,7,408.37,cancelled,3,
3477,766,4,2025-12-01,9,455.23,delivered,1,3.0
3478,675,10,2025-06-29,5,181.73,delivered,3,3.0
3479,665,37,2025-10-12,10,383.17,delivered,2,2.0
3480,245,13,2025-11-05,4,300.21,delivered,3,3.0
3481,536,16,2025-09-28,10,701.17,delivered,3,3.0
3482,903,17,2025-11-21,9,489.34,delivered,3,3.0
3483,384,38,2025-12-08,9,703.55,delivered,2,2.0
3484,1085,29,2025-10-18,11,415.12,delivered,3,3.0
3485,502,9,2025-11-10,10,470.8,delivered,3,3.0
3486,273,2,2025-10-26,13,1074.92,delivered,1,1.0
3487,484,11,2025-08-25,5,204.6,delivered,3,3.0
3488,1165,13,2025-11-19,8,610.53,delivered,1,1.0
3489,238,36,2025-09-12,7,290.51,delivered,2,2.0
3490,51,12,2025-12-01,9,268.29,delivered,1,1.0
3491,5,15,2025-11-07,10,767.85,delivered,3,3.0
3492,298,16,2025-12-10,7,590.19,delivered,1,1.0
3493,765,5,2025-10-26,5,192.8,delivered,1,1.0
3494,799,7,2025-12-27,3,120.4,delivered,3,3.0
3495,1004,36,2025-10-30,9,343.28,delivered,2,2.0
3496,879,36,2025-11-18,5,165.39,delivered,1,1.0
3497,64,13,2025-08-22,5,318.26,cancelled,2,
3498,963,5,2025-10-06,4,210.94,delivered,1,1.0
3499,615,35,2025-12-06,6,198.49,delivered,1,1.0
3500,172,19,2025-12-07,7,452.38,disputed,2,2.0
3501,291,8,2025-10-01,5,338.51,delivered,2,2.0
3502,666,33,2025-11-26,8,320.49,delivered,1,4.0
3503,320,19,2025-10-16,6,422.67,delivered,1,1.0
3504,1027,32,2025-12-17,6,326.4,delivered,1,1.0
3505,908,12,2025-12-17,14,450.45,disputed,2,2.0
3506,19,40,2025-07-18,8,454.74,disputed,1,1.0
3507,484,7,2025-04-20,6,226.12,delivered,1,1.0
3508,320,17,2025-11-03,5,194.26,delivered,2,2.0
3509,401,24,2025-09-02,5,150.86,delivered,3,3.0
3510,578,13,2025-08-03,1,86.4,delivered,3,3.0
3511,450,16,2025-09-07,8,610.66,delivered,3,3.0
3512,931,15,2025-11-14,9,622.78,delivered,3,5.0
3513,102,6,2025-08-21,3,129.87,delivered,2,2.0
3514,898,25,2025-12-04,6,521.63,delivered,1,1.0
3515,201,37,2025-06-20,9,284.27,delivered,3,5.0
3516,455,6,2025-10-04,8,322.8,delivered,3,3.0
3517,592,32,2025-11-19,3,155.59,delivered,2,2.0
3518,793,36,2025-09-14,3,134.26,delivered,1,1.0
3519,934,28,2025-06-30,6,376.9,delivered,3,3.0
3520,967,23,2025-09-25,7,417.51,delivered,1,1.0
3521,1035,12,2025-11-03,8,290.02,delivered,1,1.0
3522,991,1,2025-11-01,12,546.69,delivered,3,3.0
3523,1182,27,2025-09-04,9,1156.71,delivered,2,2.0
3524,320,39,2025-11-29,5,279.96,delivered,2,2.0
3525,1049,31,2025-04-19,9,348.4,delivered,2,2.0
3526,681,13,2025-07-22,1,62.16,delivered,1,1.0
3527,789,23,2025-10-16,6,292.44,delivered,3,3.0
3528,219,16,2025-09-06,7,520.25,delivered,3,3.0
3529,320,30,2025-09-17,11,481.98,delivered,3,5.0
3530,320,35,2025-12-04,10,388.62,delivered,1,1.0
3531,406,27,2025-11-11,12,1211.82,delivered,3,3.0
3532,722,2,2025-12-16,5,430.73,delivered,3,3.0
3533,357,9,2025-11-16,7,368.82,delivered,1,1.0
3534,1012,31,2025-10-19,5,206.0,delivered,1,1.0
3535,516,10,2025-12-27,1,37.4,delivered,2,2.0
3536,762,13,2025-05-29,5,340.76,delivered,1,1.0
3537,694,14,2025-09-18,10,712.78,delivered,2,2.0
3538,694,7,2025-11-12,7,311.64,delivered,1,3.0
3539,406,33,2025-09-21,8,366.89,cancelled,3,
3540,903,29,2025-11-24,8,308.64,delivered,1,1.0
3541,752,36,2025-08-23,4,150.48,cancelled,2,
3542,558,27,2025-09-20,13,1340.73,delivered,3,3.0
3543,971,24,2025-10-10,8,273.3,delivered,3,3.0
3544,565,28,2025-07-31,5,313.78,delivered,1,1.0
3545,1104,11,2025-10-28,11,534.44,delivered,1,1.0
3546,783,12,2025-12-09,7,260.53,delivered,1,1.0
3547,845,4,2025-09-09,7,323.58,delivered,3,3.0
3548,846,4,2025-11-14,3,123.66,delivered,1,1.0
3549,484,36,2025-08-23,8,365.18,delivered,3,3.0
3550,317,4,2025-12-06,7,307.52,delivered,3,3.0
3551,1098,1,2025-12-01,11,360.56,delivered,3,3.0
3552,392,19,2025-12-23,1,84.78,delivered,3,3.0
3553,439,29,2025-12-03,7,364.91,delivered,2,2.0
3554,446,31,2025-11-04,14,629.83,delivered,1,1.0
3555,424,27,2025-08-31,11,1397.21,delivered,2,2.0
3556,304,11,2025-11-01,1,45.89,delivered,2,2.0
3557,559,12,2025-11-29,7,212.01,delivered,3,3.0
3558,824,37,2025-09-21,6,252.08,disputed,2,2.0
3559,419,15,2025-09-28,8,596.14,delivered,3,3.0
3560,459,17,2025-12-11,3,128.22,delivered,2,2.0
3561,895,17,2025-11-01,12,472.73,delivered,1,1.0
3562,89,14,2025-08-19,6,404.4,delivered,1,1.0
3563,896,3,2025-11-09,6,351.59,delivered,3,3.0
3564,765,3,2025-12-16,8,496.01,delivered,2,2.0
3565,895,13,2025-11-05,9,754.85,delivered,3,3.0
3566,526,25,2025-10-26,1,62.51,delivered,2,2.0
3567,1049,7,2025-11-20,11,430.92,delivered,1,1.0
3568,965,30,2025-11-08,8,401.28,delivered,2,2.0
3569,151,30,2025-11-30,7,355.78,delivered,1,1.0
3570,334,25,2025-12-11,5,317.13,delivered,2,2.0
3571,1193,35,2025-12-09,8,334.24,delivered,1,1.0
3572,383,25,2025-11-02,1,78.89,delivered,3,6.0
3573,315,23,2025-09-19,2,129.18,delivered,2,2.0
3574,931,34,2025-09-16,11,446.48,delivered,2,2.0
3575,845,23,2025-11-07,6,352.49,delivered,3,3.0
3576,824,21,2025-11-12,9,481.29,delivered,2,2.0
3577,739,8,2025-12-22,6,434.34,delivered,1,1.0
3578,1154,29,2025-12-05,10,533.71,delivered,1,1.0
3579,891,27,2025-12-04,7,745.07,delivered,2,2.0
3580,438,7,2025-12-22,10,335.15,delivered,2,2.0
3581,1026,7,2025-12-05,7,281.01,delivered,2,5.0
3582,1,15,2025-09-01,8,566.56,delivered,1,1.0
3583,1102,27,2025-12-10,2,195.56,delivered,2,2.0
3584,494,27,2025-12-14,9,879.32,delivered,2,2.0
3585,806,4,2025-12-18,3,158.38,delivered,2,2.0
3586,1049,25,2025-07-27,7,434.99,delivered,2,2.0
3587,482,5,2025-10-16,9,399.08,delivered,2,2.0
3588,983,19,2025-12-21,11,667.35,delivered,3,3.0
3589,96,12,2025-11-24,12,415.36,delivered,2,2.0
3590,66,9,2025-07-24,2,89.11,delivered,3,3.0
3591,246,15,2025-10-10,7,558.63,delivered,2,2.0
3592,1,38,2025-09-21,6,412.32,delivered,3,6.0
3593,198,28,2025-12-12,5,300.57,delivered,3,3.0
3594,897,40,2025-11-23,1,63.68,delivered,1,1.0
3595,440,6,2025-08-23,8,250.45,delivered,2,2.0
3596,52,25,2025-11-20,4,239.29,delivered,3,3.0
3597,72,28,2025-08-02,5,324.35,delivered,1,4.0
3598,320,40,2025-05-28,13,934.22,delivered,2,2.0
3599,643,15,2025-11-01,7,557.06,delivered,1,1.0
3600,320,2,2025-09-30,12,742.35,delivered,2,2.0
3601,280,28,2025-10-31,3,212.54,delivered,3,3.0
3602,677,15,2025-11-20,13,1086.39,delivered,3,3.0
3603,178,29,2025-09-03,7,288.59,delivered,1,1.0
3604,351,22,2025-11-23,2,236.79,delivered,2,2.0
3605,402,20,2025-07-30,6,279.55,delivered,1,4.0
3606,1051,10,2025-09-02,12,510.72,disputed,3,3.0
3607,239,9,2025-09-08,12,631.88,delivered,3,3.0
3608,320,39,2025-10-16,11,531.39,delivered,3,3.0
3609,1051,25,2025-10-17,8,581.79,delivered,1,1.0
3610,219,31,2025-08-06,10,547.78,delivered,2,2.0
3611,438,25,2025-12-11,11,726.52,delivered,2,2.0
3612,1118,33,2025-08-28,8,340.53,delivered,1,1.0
3613,62,35,2025-12-03,5,217.51,delivered,3,5.0
3614,694,20,2025-08-24,12,559.66,delivered,3,3.0
3615,903,30,2025-12-25,1,54.26,delivered,2,3.0
3616,459,12,2025-12-23,8,244.61,delivered,2,2.0
3617,290,35,2025-11-22,8,294.37,delivered,2,2.0
3618,1194,33,2025-10-11,8,259.32,delivered,1,1.0
3619,910,19,2025-11-10,8,551.77,delivered,3,3.0
3620,273,34,2025-11-24,11,449.55,delivered,3,3.0
3621,801,18,2025-10-05,3,107.58,delivered,2,2.0
3622,897,39,2025-12-27,10,567.45,delivered,3,3.0
3623,439,40,2025-12-15,1,58.85,delivered,3,3.0
3624,554,40,2025-08-07,10,527.07,delivered,2,2.0
3625,320,16,2025-12-17,10,829.72,delivered,3,3.0
3626,1045,21,2025-08-03,3,160.44,delivered,2,5.0
3627,54,22,2025-10-27,3,346.33,delivered,3,6.0
3628,978,9,2025-04-06,10,573.9,delivered,1,1.0
3629,54,38,2025-07-21,5,302.98,cancelled,2,
3630,674,13,2025-12-19,7,425.93,delivered,2,2.0
3631,340,37,2025-11-29,1,37.52,delivered,1,1.0
3632,320,2,2025-07-23,4,302.9,delivered,3,3.0
3633,320,26,2025-10-13,6,365.51,delivered,1,1.0
3634,132,35,2025-11-09,9,348.24,delivered,1,1.0
3635,1051,1,2025-06-20,5,231.26,delivered,3,3.0
3636,1104,23,2025-10-02,6,341.32,delivered,2,2.0
3637,370,36,2025-12-08,9,408.28,delivered,2,2.0
3638,71,25,2025-10-16,9,626.25,delivered,3,3.0
3639,741,39,2025-12-13,9,578.3,delivered,3,3.0
3640,652,32,2025-10-28,9,483.07,delivered,2,2.0
3641,240,17,2025-09-10,6,269.28,cancelled,2,
3642,281,38,2025-04-28,7,422.06,delivered,1,1.0
3643,975,22,2025-11-20,11,1242.34,delivered,3,3.0
3644,239,13,2025-10-18,2,141.18,delivered,1,1.0
3645,336,38,2025-06-01,10,638.99,delivered,1,1.0
3646,777,4,2025-08-25,7,269.62,delivered,1,1.0
3647,320,19,2025-10-04,12,973.23,delivered,1,1.0
3648,808,20,2025-10-24,3,129.21,delivered,1,1.0
3649,658,19,2025-10-25,7,469.99,delivered,2,2.0
3650,329,32,2025-11-06,1,63.42,delivered,2,4.0
3651,952,24,2025-10-27,12,430.1,delivered,2,2.0
3652,317,5,2025-12-13,9,478.47,delivered,1,1.0
3653,1142,11,2025-10-02,7,274.28,delivered,2,2.0
3654,849,38,2025-11-10,3,178.81,delivered,2,2.0
3655,975,34,2025-10-10,6,302.66,delivered,1,1.0
3656,681,14,2025-12-05,5,356.49,delivered,2,2.0
3657,320,4,2025-07-28,7,286.47,delivered,2,2.0
3658,510,16,2025-11-04,6,423.37,delivered,1,1.0
3659,273,22,2025-10-25,7,943.97,delivered,2,2.0
3660,586,24,2025-11-01,1,30.0,delivered,3,3.0
3661,1123,16,2025-10-20,7,449.92,delivered,2,2.0
3662,876,36,2025-07-24,6,228.35,delivered,3,3.0
3663,99,34,2025-11-30,8,357.41,delivered,3,5.0
3664,252,15,2025-09-21,6,447.95,delivered,1,1.0
3665,456,18,2025-09-19,6,258.82,delivered,1,2.0
3666,455,33,2025-11-03,8,342.59,delivered,1,1.0
3667,707,14,2025-09-22,6,381.45,delivered,1,1.0
3668,686,24,2025-07-09,12,368.08,delivered,3,3.0
3669,1008,17,2025-12-23,6,283.11,disputed,2,2.0
3670,897,11,2025-11-13,5,228.32,delivered,3,3.0
3671,273,22,2025-09-15,6,626.24,delivered,2,2.0
3672,457,13,2025-11-30,4,281.82,delivered,3,3.0
3673,151,13,2025-12-05,9,687.16,delivered,3,3.0
3674,1051,6,2025-10-04,10,426.62,delivered,2,2.0
3675,1033,4,2025-11-07,9,363.84,delivered,2,2.0
3676,320,27,2025-09-11,13,1660.8,disputed,2,5.0
3677,1148,11,2025-08-27,7,377.12,delivered,2,2.0
3678,144,35,2025-12-18,8,324.1,delivered,2,2.0
3679,1077,25,2025-10-02,13,904.31,delivered,2,2.0
3680,694,32,2025-08-05,12,658.58,delivered,3,3.0
3681,320,23,2025-08-18,14,847.68,delivered,1,3.0
3682,941,15,2025-10-11,13,773.7,delivered,1,1.0
3683,658,39,2025-08-09,8,467.41,delivered,3,5.0
3684,517,36,2025-07-31,4,154.26,delivered,2,2.0
3685,96,12,2025-06-26,11,436.17,disputed,3,3.0
3686,1063,39,2025-09-06,5,302.66,delivered,2,2.0
3687,663,36,2025-10-06,1,42.67,delivered,1,1.0
3688,320,39,2025-08-15,11,590.77,cancelled,2,
3689,240,21,2025-09-15,10,473.29,delivered,3,3.0
3690,752,28,2025-07-13,10,711.36,delivered,1,1.0
3691,151,12,2025-12-03,13,473.53,delivered,2,5.0
3692,694,39,2025-06-24,10,595.18,delivered,2,2.0
3693,320,6,2025-07-15,12,483.17,delivered,1,1.0
3694,576,5,2025-11-06,11,507.66,delivered,3,3.0
3695,752,35,2025-04-18,6,205.26,delivered,2,2.0
3696,42,28,2025-11-19,7,602.09,delivered,2,2.0
3697,35,23,2025-10-03,2,100.59,delivered,3,3.0
3698,730,7,2025-11-17,2,85.86,delivered,1,1.0
3699,68,32,2025-12-03,14,793.71,delivered,2,2.0
3700,406,20,2025-06-08,7,318.05,delivered,1,3.0
3701,883,39,2025-08-13,6,305.89,delivered,2,2.0
3702,752,29,2025-10-17,4,164.34,delivered,3,3.0
3703,1063,39,2025-05-11,2,104.29,delivered,3,3.0
3704,5,25,2025-09-15,11,814.68,delivered,1,1.0
3705,694,31,2025-09-30,6,231.96,delivered,2,2.0
3706,826,8,2025-11-01,5,255.83,delivered,2,2.0
3707,845,37,2025-11-16,4,131.55,delivered,1,1.0
3708,694,23,2025-07-28,8,470.05,delivered,3,3.0
3709,658,23,2025-09-05,6,318.57,delivered,3,3.0
3710,320,38,2025-07-21,10,746.62,cancelled,2,
3711,244,12,2025-07-21,7,247.63,delivered,3,3.0
3712,704,4,2025-06-26,8,360.36,delivered,1,1.0
3713,86,34,2025-07-07,3,163.3,delivered,2,2.0
3714,660,10,2025-12-02,9,358.04,delivered,1,3.0
3715,220,25,2025-03-13,5,407.88,delivered,3,3.0
3716,442,3,2025-11-21,6,320.22,delivered,1,1.0
3717,240,38,2025-04-30,8,608.35,delivered,1,1.0
3718,351,22,2025-12-14,9,982.2,delivered,2,2.0
3719,132,10,2025-12-20,5,174.72,delivered,2,2.0
3720,458,31,2025-10-20,12,594.14,delivered,2,4.0
3721,320,8,2025-06-23,5,282.2,delivered,3,3.0
3722,520,22,2025-08-15,3,325.63,cancelled,3,
3723,681,7,2025-09-29,7,250.51,disputed,1,2.0
3724,519,16,2025-08-16,8,507.43,delivered,3,3.0
3725,406,30,2025-09-30,7,346.85,delivered,3,3.0
3726,828,21,2025-05-20,17,660.68,delivered,2,2.0
3727,1004,24,2025-09-20,4,168.79,delivered,3,3.0
3728,1163,14,2025-11-26,6,495.38,delivered,1,1.0
3729,432,24,2025-11-03,4,146.26,delivered,2,2.0
3730,24,33,2025-09-19,1,44.26,cancelled,2,
3731,502,3,2025-08-27,11,805.44,delivered,3,3.0
3732,1054,9,2025-12-17,5,266.73,delivered,1,1.0
3733,978,27,2025-08-11,2,206.1,delivered,1,1.0
3734,109,7,2025-12-03,12,443.81,delivered,1,3.0
3735,502,29,2025-07-30,12,452.0,delivered,2,2.0
3736,281,21,2025-07-03,6,247.34,delivered,3,3.0
3737,320,28,2025-08-30,5,300.37,delivered,3,3.0
3738,741,31,2025-11-11,15,665.75,delivered,3,3.0
3739,198,10,2025-12-08,14,624.89,delivered,3,3.0
3740,484,12,2025-07-14,4,126.95,delivered,2,4.0
3741,208,21,2025-08-16,9,429.66,delivered,1,1.0
3742,219,24,2025-10-10,5,196.1,delivered,1,1.0
3743,1192,17,2025-11-07,10,444.75,delivered,1,1.0
3744,1076,17,2025-09-12,7,345.05,delivered,2,2.0
3745,718,30,2025-12-14,2,75.29,disputed,1,1.0
3746,406,38,2025-11-28,6,357.73,delivered,1,1.0
3747,897,39,2025-11-14,9,441.81,delivered,2,2.0
3748,649,21,2025-09-02,13,496.91,delivered,3,3.0
3749,320,17,2025-11-13,4,193.63,delivered,2,2.0
3750,897,33,2025-11-20,6,281.65,delivered,1,1.0
3751,1082,12,2025-05-23,9,284.03,delivered,2,2.0
3752,96,13,2025-10-15,9,733.87,delivered,2,2.0
3753,484,28,2025-08-18,4,274.54,cancelled,2,
3754,320,39,2025-11-21,7,429.88,delivered,3,3.0
3755,175,38,2025-12-10,6,447.91,delivered,2,2.0
3756,568,39,2025-11-25,4,183.56,delivered,2,2.0
3757,307,36,2025-09-28,8,264.36,delivered,3,3.0
3758,11,21,2025-11-19,5,260.42,delivered,3,3.0
3759,653,2,2025-10-10,6,385.37,delivered,1,1.0
3760,694,29,2025-11-18,11,459.9,delivered,1,1.0
3761,903,34,2025-12-04,9,407.18,delivered,3,3.0
3762,983,3,2025-11-17,8,459.79,delivered,1,1.0
3763,777,9,2025-07-30,9,543.91,delivered,1,1.0
3764,320,18,2025-10-26,5,172.64,delivered,3,3.0
3765,406,27,2025-09-21,6,636.03,disputed,3,3.0
3766,154,10,2025-10-12,13,450.39,delivered,3,3.0
3767,1049,38,2025-10-14,7,451.42,delivered,3,3.0
3768,3,21,2025-06-14,4,162.4,delivered,3,3.0
3769,318,33,2025-10-19,7,287.93,delivered,2,2.0
3770,566,3,2025-11-28,3,171.52,delivered,2,2.0
3771,739,6,2025-12-03,7,213.28,delivered,3,3.0
3772,320,38,2025-11-22,8,571.68,delivered,1,1.0
3773,741,9,2025-10-22,6,314.81,delivered,1,1.0
3774,19,27,2025-06-28,6,602.06,delivered,2,2.0
3775,1095,16,2025-12-22,4,303.76,delivered,1,1.0
3776,64,37,2025-10-30,10,382.61,disputed,3,3.0
3777,320,21,2025-09-12,7,360.56,delivered,1,1.0
3778,694,24,2025-10-15,8,289.01,delivered,3,3.0
3779,1193,1,2025-11-26,8,345.09,delivered,2,2.0
3780,377,32,2025-09-25,4,222.4,disputed,3,3.0
3781,720,16,2025-08-21,5,337.24,delivered,2,2.0
3782,948,37,2025-11-24,5,197.68,delivered,1,1.0
3783,1076,6,2025-10-24,4,134.85,delivered,2,2.0
3784,306,6,2025-06-29,1,31.97,delivered,1,1.0
3785,273,9,2025-08-26,7,424.38,delivered,2,2.0
3786,1186,8,2025-07-24,5,290.49,cancelled,2,
3787,335,23,2025-09-06,5,269.28,delivered,2,2.0
3788,874,12,2025-10-20,6,248.46,delivered,3,4.0
3789,1160,15,2025-11-01,15,924.34,delivered,3,3.0
3790,456,4,2025-11-18,6,323.39,delivered,2,2.0
3791,572,15,2025-08-15,3,186.39,delivered,1,1.0
3792,520,28,2025-10-28,8,505.15,delivered,3,3.0
3793,455,11,2025-11-19,7,269.07,delivered,3,3.0
3794,5,2,2025-07-18,4,241.64,delivered,2,2.0
3795,536,29,2025-09-06,6,303.42,delivered,1,2.0
3796,677,18,2025-12-05,7,317.99,cancelled,2,
3797,51,40,2025-11-30,7,437.39,cancelled,3,
3798,1051,15,2025-11-16,5,363.01,delivered,3,3.0
3799,1012,21,2025-11-18,4,162.42,delivered,3,3.0
3800,17,14,2025-11-17,9,542.33,delivered,3,3.0
3801,501,21,2025-12-10,3,145.94,delivered,3,3.0
3802,460,13,2025-09-21,4,330.7,delivered,1,1.0
3803,354,19,2025-12-09,15,950.61,delivered,2,2.0
3804,291,12,2025-09-06,1,40.32,disputed,1,1.0
3805,739,21,2025-12-14,3,155.94,delivered,2,2.0
3806,957,24,2025-11-24,1,38.13,delivered,1,1.0
3807,1107,1,2025-11-24,4,153.65,delivered,1,1.0
3808,665,22,2025-11-03,10,1350.74,delivered,2,2.0
3809,874,19,2025-10-10,8,668.67,cancelled,3,
3810,961,30,2025-12-24,3,139.55,delivered,2,2.0
3811,320,1,2025-09-04,9,305.92,delivered,2,2.0
3812,102,2,2025-11-14,4,306.16,delivered,1,1.0
3813,109,13,2025-11-29,1,65.55,delivered,2,2.0
3814,706,36,2025-12-04,5,235.09,delivered,1,1.0
3815,897,27,2025-11-17,8,939.81,delivered,1,1.0
3816,694,4,2025-08-14,11,600.36,cancelled,3,
3817,52,9,2025-10-20,5,225.74,delivered,1,1.0
3818,1004,1,2025-08-26,6,275.18,delivered,2,2.0
3819,320,16,2025-09-28,9,639.16,delivered,1,1.0
3820,260,31,2025-10-28,5,195.3,delivered,2,2.0
3821,752,27,2025-08-15,6,570.71,delivered,1,1.0
3822,439,19,2025-11-27,1,62.24,delivered,1,1.0
3823,966,32,2025-11-07,7,353.02,delivered,1,1.0
3824,429,32,2025-05-10,5,281.58,delivered,2,2.0
3825,382,30,2025-12-16,3,157.59,delivered,3,3.0
3826,941,19,2025-07-19,6,407.83,delivered,3,3.0
3827,630,12,2025-09-25,3,113.75,delivered,1,1.0
3828,317,30,2025-11-05,8,387.23,delivered,3,3.0
3829,501,7,2025-10-27,6,203.64,delivered,2,2.0
3830,259,39,2025-11-15,9,571.17,delivered,2,2.0
3831,1087,8,2025-10-06,7,448.91,delivered,3,3.0
3832,657,5,2025-10-10,1,54.08,delivered,2,2.0
3833,177,29,2025-08-05,1,48.81,delivered,2,2.0
3834,739,13,2025-12-24,4,268.74,delivered,1,1.0
3835,910,6,2025-11-01,3,129.11,delivered,1,2.0
3836,320,38,2025-10-28,12,928.79,delivered,1,1.0
3837,1049,13,2025-08-11,8,585.89,cancelled,3,
3838,1077,25,2025-10-18,14,876.53,delivered,3,3.0
3839,1063,2,2025-07-29,6,400.58,delivered,1,1.0
3840,1192,33,2025-08-27,11,413.47,delivered,1,1.0
3841,96,35,2025-06-19,1,31.52,delivered,1,1.0
3842,502,11,2025-10-04,10,397.8,delivered,1,1.0
3843,874,39,2025-10-28,12,681.48,delivered,2,2.0
3844,320,40,2025-07-27,9,623.75,delivered,2,2.0
3845,195,17,2025-12-13,6,296.1,delivered,3,3.0
3846,401,19,2025-09-10,11,818.83,delivered,3,3.0
3847,1018,6,2025-10-25,5,157.6,delivered,1,1.0
3848,954,40,2025-10-10,7,370.15,delivered,2,2.0
3849,96,14,2025-11-08,14,991.79,delivered,1,1.0
3850,320,6,2025-10-04,13,415.62,delivered,2,2.0
3851,262,12,2025-08-31,8,306.16,cancelled,2,
3852,897,34,2025-10-28,9,403.49,delivered,1,4.0
3853,290,28,2025-12-18,2,120.14,delivered,2,2.0
3854,527,13,2025-08-13,7,606.53,delivered,2,4.0
3855,879,23,2025-10-30,8,354.06,delivered,2,2.0
3856,1104,8,2025-11-08,9,479.06,delivered,3,3.0
3857,320,29,2025-11-08,10,535.73,delivered,3,3.0
3858,335,14,2025-10-06,3,201.79,delivered,1,1.0
3859,169,33,2025-12-29,12,521.06,delivered,3,6.0
3860,134,6,2025-08-12,1,33.49,delivered,3,5.0
3861,320,19,2025-11-29,11,683.74,cancelled,1,
3862,706,35,2025-12-04,7,284.63,delivered,3,3.0
3863,665,30,2025-12-19,7,264.45,delivered,2,2.0
3864,1004,23,2025-10-19,6,316.18,delivered,3,3.0
3865,351,21,2025-12-23,2,100.84,delivered,1,1.0
3866,317,21,2025-12-07,7,300.24,delivered,1,1.0
3867,1051,25,2025-09-29,7,573.86,delivered,1,1.0
3868,273,36,2025-11-30,5,166.12,delivered,1,1.0
3869,320,37,2025-10-17,6,187.49,delivered,1,1.0
3870,71,8,2025-12-15,6,350.28,delivered,1,1.0
3871,426,4,2025-11-04,11,464.08,delivered,3,3.0
3872,694,23,2025-09-23,9,530.6,delivered,1,1.0
3873,941,26,2025-10-24,1,59.02,delivered,2,2.0
3874,484,25,2025-06-23,8,683.12,delivered,3,3.0
3875,438,24,2025-12-02,5,185.95,delivered,2,3.0
3876,611,40,2025-12-16,5,273.35,delivered,1,1.0
3877,856,30,2025-11-12,6,294.21,delivered,2,2.0
3878,607,6,2025-07-19,7,301.63,delivered,2,2.0
3879,316,6,2025-11-23,2,72.43,delivered,2,4.0
3880,442,32,2025-11-11,2,98.19,delivered,3,3.0
3881,54,9,2025-12-05,6,279.7,cancelled,2,
3882,260,36,2025-12-06,3,113.98,delivered,3,3.0
3883,649,38,2025-07-29,8,654.87,delivered,1,1.0
3884,427,24,2025-10-29,1,35.8,delivered,1,1.0
3885,89,24,2025-12-02,6,252.31,disputed,3,3.0
3886,752,23,2025-08-27,6,301.77,delivered,1,1.0
3887,401,30,2025-03-16,11,563.26,delivered,2,2.0
3888,1089,29,2025-11-09,6,259.11,delivered,1,1.0
3889,82,14,2025-10-31,5,319.85,delivered,3,3.0
3890,20,12,2025-12-20,8,313.97,delivered,1,1.0
3891,1076,7,2025-11-21,11,394.46,delivered,1,1.0
3892,182,14,2025-12-02,13,849.45,delivered,1,3.0
3893,658,17,2025-10-28,6,272.3,delivered,2,2.0
3894,741,2,2025-09-30,9,785.97,delivered,2,2.0
3895,414,26,2025-12-27,4,259.22,delivered,3,3.0
3896,150,22,2025-05-30,8,1012.34,delivered,1,1.0
3897,273,32,2025-11-27,11,519.6,delivered,3,3.0
3898,694,36,2025-06-03,7,325.94,delivered,2,3.0
3899,1182,38,2025-09-03,7,600.33,delivered,1,1.0
3900,780,11,2025-11-23,6,325.31,delivered,1,1.0
3901,554,40,2025-10-28,7,457.8,delivered,1,1.0
3902,704,28,2025-09-18,9,731.16,delivered,2,2.0
3903,404,32,2025-11-16,8,510.2,delivered,3,3.0
3904,543,24,2025-10-12,8,328.74,delivered,3,3.0
3905,706,4,2025-12-21,6,316.81,delivered,3,3.0
3906,874,36,2025-10-07,8,375.82,delivered,1,1.0
3907,824,9,2025-12-03,6,352.24,delivered,1,1.0
3908,320,13,2025-07-27,8,477.89,delivered,2,2.0
3909,975,17,2025-11-03,11,469.34,delivered,2,2.0
3910,320,1,2025-11-02,6,252.11,delivered,1,1.0
3911,318,16,2025-09-06,7,500.48,delivered,3,3.0
3912,1052,23,2025-10-08,10,462.64,delivered,1,1.0
3913,1117,25,2025-11-22,3,236.53,delivered,1,1.0
3914,3,6,2025-12-08,9,299.75,delivered,3,3.0
3915,455,21,2025-12-10,6,228.05,delivered,3,3.0
3916,1058,33,2025-05-10,7,280.0,delivered,1,1.0
3917,879,39,2025-10-02,12,682.92,disputed,1,1.0
3918,484,6,2025-04-29,7,241.01,delivered,2,2.0
3919,406,18,2025-06-27,5,180.05,delivered,1,1.0
3920,789,38,2025-11-17,6,456.19,delivered,1,1.0
3921,1142,33,2025-09-07,5,202.89,delivered,1,1.0
3922,2,19,2025-10-24,3,190.23,cancelled,3,
3923,1046,26,2025-07-24,9,479.48,delivered,1,1.0
3924,322,14,2025-07-06,9,611.39,delivered,1,1.0
3925,789,39,2025-10-25,14,629.13,delivered,1,1.0
3926,822,2,2025-06-03,7,592.01,delivered,3,3.0
3927,694,14,2025-06-21,5,371.23,delivered,2,2.0
3928,680,28,2025-12-17,11,915.17,delivered,2,2.0
3929,557,7,2025-11-23,4,148.96,delivered,2,4.0
3930,151,17,2025-11-19,5,239.9,delivered,3,3.0
3931,754,39,2025-11-06,8,438.82,delivered,2,2.0
3932,428,25,2025-12-24,5,400.73,delivered,2,2.0
3933,752,8,2025-09-12,4,263.94,delivered,2,2.0
3934,983,37,2025-11-14,7,299.32,delivered,3,3.0
3935,370,39,2025-09-25,7,336.78,delivered,2,2.0
3936,346,16,2025-11-25,6,445.49,delivered,2,2.0
3937,259,14,2025-12-12,8,565.28,delivered,1,1.0
3938,1005,15,2025-11-30,10,809.29,delivered,2,2.0
3939,554,1,2025-11-09,6,201.76,delivered,3,3.0
3940,1092,13,2025-12-05,5,423.21,delivered,1,1.0
3941,752,7,2025-05-08,6,224.37,delivered,3,6.0
3942,401,7,2025-12-16,11,421.94,delivered,2,5.0
3943,741,8,2025-11-08,7,432.36,delivered,1,1.0
3944,360,23,2025-12-29,4,199.79,delivered,2,2.0
3945,1063,15,2025-10-13,9,751.86,delivered,1,1.0
3946,320,35,2025-08-12,11,349.33,delivered,3,3.0
3947,981,25,2025-12-04,4,284.92,delivered,3,3.0
3948,377,5,2025-09-10,7,263.54,delivered,2,2.0
3949,1105,5,2025-10-03,13,494.82,delivered,1,1.0
3950,694,38,2025-11-27,7,570.06,delivered,1,1.0
3951,978,26,2025-09-20,4,288.1,delivered,2,3.0
3952,354,2,2025-10-30,7,551.37,delivered,1,1.0
3953,1188,5,2025-11-01,1,49.49,delivered,3,6.0
3954,17,29,2025-11-20,6,256.61,delivered,2,2.0
3955,897,37,2025-09-17,10,365.92,delivered,3,3.0
3956,686,9,2025-09-21,16,901.07,delivered,3,5.0
3957,401,17,2025-03-11,8,368.28,delivered,1,1.0
3958,197,38,2025-12-26,1,81.97,delivered,1,1.0
3959,439,13,2025-12-18,4,270.08,delivered,3,3.0
3960,501,6,2025-10-30,7,213.87,delivered,2,2.0
3961,343,2,2025-08-31,1,69.98,cancelled,2,
3962,603,27,2025-08-22,9,992.68,cancelled,2,
3963,644,19,2025-09-22,6,452.96,delivered,2,2.0
3964,1109,6,2025-12-03,1,36.63,delivered,1,1.0
3965,392,14,2025-12-13,7,537.24,delivered,2,2.0
3966,718,19,2025-11-20,10,871.86,delivered,1,1.0
3967,517,15,2025-12-18,6,424.08,delivered,1,1.0
3968,275,3,2025-12-24,9,489.06,delivered,3,3.0
3969,612,39,2025-10-24,2,99.94,delivered,3,3.0
3970,442,2,2025-11-21,12,851.18,delivered,1,1.0
3971,484,17,2025-09-24,8,353.51,delivered,3,3.0
3972,320,40,2025-10-13,11,627.31,delivered,2,2.0
3973,694,27,2025-10-23,7,774.7,delivered,3,3.0
3974,1049,40,2025-11-09,7,361.26,delivered,1,1.0
3975,240,11,2025-10-20,6,261.97,delivered,2,2.0
3976,1026,9,2025-12-04,11,607.33,delivered,1,1.0
3977,851,36,2025-11-15,1,34.52,delivered,3,3.0
3978,510,24,2025-07-25,6,224.25,delivered,1,1.0
3979,1051,2,2025-12-10,10,840.75,delivered,3,4.0
3980,931,8,2025-11-11,8,570.31,delivered,3,6.0
3981,320,39,2025-11-29,5,257.22,delivered,2,2.0
3982,498,39,2025-12-10,1,56.26,delivered,3,3.0
3983,320,14,2025-11-29,4,323.73,delivered,3,3.0
3984,320,21,2025-07-17,10,409.31,delivered,3,4.0
3985,291,38,2025-11-07,15,944.37,delivered,2,2.0
3986,450,24,2025-10-15,9,386.07,delivered,1,1.0
3987,587,3,2025-11-05,8,587.29,delivered,1,1.0
3988,406,15,2025-09-27,3,217.47,delivered,1,1.0
3989,484,4,2025-09-13,9,363.21,delivered,3,3.0
3990,171,40,2025-10-25,7,379.95,delivered,2,2.0
3991,897,18,2025-09-16,8,277.53,delivered,3,3.0
3992,334,31,2025-12-29,10,471.49,delivered,1,1.0
3993,658,23,2025-09-17,10,470.87,delivered,1,2.0
3994,406,32,2025-08-31,4,224.13,delivered,2,2.0
3995,1169,9,2025-12-10,2,105.51,delivered,2,2.0
3996,279,31,2025-11-06,7,272.94,delivered,2,2.0
3997,179,10,2025-11-21,2,92.23,delivered,2,2.0
3998,1039,13,2025-11-08,3,204.08,delivered,2,2.0
3999,116,30,2025-09-23,4,197.15,delivered,1,1.0
4000,445,40,2025-11-21,7,381.97,delivered,1,1.0
